date,demand_kwh,series_type,charging_sessions,avg_session_energy_kwh,day_of_week,day_of_week_num,month,month_name,quarter,year,is_weekend
2022-01-01,5024.4,Actual,94,53.45106382978723,Saturday,5,1,January,1,2022,1
2022-01-02,3861.3,Actual,80,48.26625,Sunday,6,1,January,1,2022,1
2022-01-03,6250.3,Actual,123,50.81544715447155,Monday,0,1,January,1,2022,0
2022-01-04,5620.4,Actual,116,48.45172413793103,Tuesday,1,1,January,1,2022,0
2022-01-05,6104.1,Actual,126,48.445238095238096,Wednesday,2,1,January,1,2022,0
2022-01-06,6041.6,Actual,122,49.52131147540984,Thursday,3,1,January,1,2022,0
2022-01-07,6105.7,Actual,121,50.4603305785124,Friday,4,1,January,1,2022,0
2022-01-08,3593.9,Actual,79,45.49240506329114,Saturday,5,1,January,1,2022,1
2022-01-09,3934.2,Actual,80,49.1775,Sunday,6,1,January,1,2022,1
2022-01-10,6425.7,Actual,130,49.428461538461534,Monday,0,1,January,1,2022,0
2022-01-11,5964.1,Actual,124,48.097580645161294,Tuesday,1,1,January,1,2022,0
2022-01-12,6020.5,Actual,123,48.94715447154472,Wednesday,2,1,January,1,2022,0
2022-01-13,5646.3,Actual,114,49.52894736842106,Thursday,3,1,January,1,2022,0
2022-01-14,5889.6,Actual,118,49.911864406779664,Friday,4,1,January,1,2022,0
2022-01-15,4750.1,Actual,96,49.48020833333334,Saturday,5,1,January,1,2022,1
2022-01-16,3958.0,Actual,82,48.26829268292683,Sunday,6,1,January,1,2022,1
2022-01-17,6381.0,Actual,130,49.08461538461538,Monday,0,1,January,1,2022,0
2022-01-18,5765.6,Actual,118,48.86101694915254,Tuesday,1,1,January,1,2022,0
2022-01-19,5561.2,Actual,113,49.2141592920354,Wednesday,2,1,January,1,2022,0
2022-01-20,6144.7,Actual,123,49.95691056910569,Thursday,3,1,January,1,2022,0
2022-01-21,6132.4,Actual,125,49.0592,Friday,4,1,January,1,2022,0
2022-01-22,4743.7,Actual,99,47.91616161616162,Saturday,5,1,January,1,2022,1
2022-01-23,4522.5,Actual,91,49.6978021978022,Sunday,6,1,January,1,2022,1
2022-01-24,5805.2,Actual,125,46.4416,Monday,0,1,January,1,2022,0
2022-01-25,5031.9,Actual,109,46.16422018348624,Tuesday,1,1,January,1,2022,0
2022-01-26,5906.0,Actual,116,50.91379310344828,Wednesday,2,1,January,1,2022,0
2022-01-27,5342.8,Actual,106,50.40377358490567,Thursday,3,1,January,1,2022,0
2022-01-28,6416.0,Actual,131,48.97709923664122,Friday,4,1,January,1,2022,0
2022-01-29,4704.1,Actual,90,52.26777777777778,Saturday,5,1,January,1,2022,1
2022-01-30,3790.9,Actual,78,48.601282051282055,Sunday,6,1,January,1,2022,1
2022-01-31,5728.1,Actual,112,51.14375,Monday,0,1,January,1,2022,0
2022-02-01,6167.4,Actual,121,50.970247933884295,Tuesday,1,2,February,1,2022,0
2022-02-02,5371.5,Actual,105,51.15714285714286,Wednesday,2,2,February,1,2022,0
2022-02-03,5808.2,Actual,118,49.222033898305085,Thursday,3,2,February,1,2022,0
2022-02-04,6382.2,Actual,126,50.65238095238095,Friday,4,2,February,1,2022,0
2022-02-05,4291.1,Actual,84,51.084523809523816,Saturday,5,2,February,1,2022,1
2022-02-06,4376.0,Actual,86,50.88372093023256,Sunday,6,2,February,1,2022,1
2022-02-07,5366.4,Actual,114,47.07368421052631,Monday,0,2,February,1,2022,0
2022-02-08,6226.7,Actual,121,51.4603305785124,Tuesday,1,2,February,1,2022,0
2022-02-09,6017.5,Actual,124,48.528225806451616,Wednesday,2,2,February,1,2022,0
2022-02-10,6851.1,Actual,130,52.70076923076923,Thursday,3,2,February,1,2022,0
2022-02-11,6669.3,Actual,135,49.40222222222222,Friday,4,2,February,1,2022,0
2022-02-12,3593.2,Actual,74,48.55675675675676,Saturday,5,2,February,1,2022,1
2022-02-13,3965.5,Actual,82,48.359756097560975,Sunday,6,2,February,1,2022,1
2022-02-14,5848.2,Actual,117,49.98461538461538,Monday,0,2,February,1,2022,0
2022-02-15,5356.5,Actual,108,49.59722222222222,Tuesday,1,2,February,1,2022,0
2022-02-16,6775.8,Actual,133,50.94586466165413,Wednesday,2,2,February,1,2022,0
2022-02-17,5388.0,Actual,106,50.83018867924528,Thursday,3,2,February,1,2022,0
2022-02-18,5742.3,Actual,117,49.07948717948718,Friday,4,2,February,1,2022,0
2022-02-19,4183.0,Actual,84,49.79761904761905,Saturday,5,2,February,1,2022,1
2022-02-20,3911.0,Actual,79,49.50632911392405,Sunday,6,2,February,1,2022,1
2022-02-21,5718.6,Actual,121,47.26115702479339,Monday,0,2,February,1,2022,0
2022-02-22,7395.6,Actual,139,53.205755395683454,Tuesday,1,2,February,1,2022,0
2022-02-23,5980.9,Actual,125,47.8472,Wednesday,2,2,February,1,2022,0
2022-02-24,5680.1,Actual,115,49.39217391304348,Thursday,3,2,February,1,2022,0
2022-02-25,6985.5,Actual,135,51.74444444444445,Friday,4,2,February,1,2022,0
2022-02-26,4450.9,Actual,86,51.75465116279069,Saturday,5,2,February,1,2022,1
2022-02-27,4942.5,Actual,102,48.45588235294117,Sunday,6,2,February,1,2022,1
2022-02-28,6263.9,Actual,133,47.096992481203,Monday,0,2,February,1,2022,0
2022-03-01,5804.8,Actual,116,50.04137931034483,Tuesday,1,3,March,1,2022,0
2022-03-02,7071.5,Actual,143,49.45104895104895,Wednesday,2,3,March,1,2022,0
2022-03-03,5529.4,Actual,116,47.66724137931034,Thursday,3,3,March,1,2022,0
2022-03-04,5690.6,Actual,115,49.48347826086957,Friday,4,3,March,1,2022,0
2022-03-05,3846.4,Actual,77,49.95324675324675,Saturday,5,3,March,1,2022,1
2022-03-06,4482.7,Actual,92,48.725,Sunday,6,3,March,1,2022,1
2022-03-07,6274.4,Actual,128,49.01875,Monday,0,3,March,1,2022,0
2022-03-08,6204.0,Actual,127,48.8503937007874,Tuesday,1,3,March,1,2022,0
2022-03-09,7011.7,Actual,136,51.55661764705882,Wednesday,2,3,March,1,2022,0
2022-03-10,6749.8,Actual,131,51.52519083969466,Thursday,3,3,March,1,2022,0
2022-03-11,5731.2,Actual,118,48.56949152542373,Friday,4,3,March,1,2022,0
2022-03-12,4114.7,Actual,86,47.8453488372093,Saturday,5,3,March,1,2022,1
2022-03-13,4447.2,Actual,92,48.33913043478261,Sunday,6,3,March,1,2022,1
2022-03-14,6401.6,Actual,128,50.0125,Monday,0,3,March,1,2022,0
2022-03-15,6310.8,Actual,127,49.69133858267717,Tuesday,1,3,March,1,2022,0
2022-03-16,6446.8,Actual,120,53.723333333333336,Wednesday,2,3,March,1,2022,0
2022-03-17,6016.4,Actual,123,48.91382113821138,Thursday,3,3,March,1,2022,0
2022-03-18,5530.8,Actual,119,46.47731092436975,Friday,4,3,March,1,2022,0
2022-03-19,4285.6,Actual,86,49.83255813953489,Saturday,5,3,March,1,2022,1
2022-03-20,4240.1,Actual,82,51.708536585365856,Sunday,6,3,March,1,2022,1
2022-03-21,5087.3,Actual,108,47.10462962962964,Monday,0,3,March,1,2022,0
2022-03-22,5871.9,Actual,115,51.06,Tuesday,1,3,March,1,2022,0
2022-03-23,5502.1,Actual,119,46.23613445378152,Wednesday,2,3,March,1,2022,0
2022-03-24,6529.8,Actual,120,54.415,Thursday,3,3,March,1,2022,0
2022-03-25,6509.5,Actual,128,50.85546875,Friday,4,3,March,1,2022,0
2022-03-26,4447.2,Actual,88,50.53636363636363,Saturday,5,3,March,1,2022,1
2022-03-27,4716.6,Actual,97,48.62474226804124,Sunday,6,3,March,1,2022,1
2022-03-28,6374.1,Actual,127,50.18976377952756,Monday,0,3,March,1,2022,0
2022-03-29,6177.3,Actual,126,49.02619047619048,Tuesday,1,3,March,1,2022,0
2022-03-30,5461.7,Actual,110,49.65181818181818,Wednesday,2,3,March,1,2022,0
2022-03-31,4810.2,Actual,97,49.58969072164948,Thursday,3,3,March,1,2022,0
2022-04-01,5486.8,Actual,113,48.55575221238938,Friday,4,4,April,2,2022,0
2022-04-02,4594.4,Actual,89,51.62247191011235,Saturday,5,4,April,2,2022,1
2022-04-03,4595.6,Actual,97,47.37731958762887,Sunday,6,4,April,2,2022,1
2022-04-04,5936.3,Actual,122,48.65819672131148,Monday,0,4,April,2,2022,0
2022-04-05,6028.3,Actual,123,49.01056910569106,Tuesday,1,4,April,2,2022,0
2022-04-06,6529.7,Actual,132,49.46742424242424,Wednesday,2,4,April,2,2022,0
2022-04-07,5467.4,Actual,113,48.38407079646017,Thursday,3,4,April,2,2022,0
2022-04-08,5891.1,Actual,121,48.686776859504135,Friday,4,4,April,2,2022,0
2022-04-09,4473.7,Actual,89,50.26629213483146,Saturday,5,4,April,2,2022,1
2022-04-10,5224.9,Actual,103,50.727184466019416,Sunday,6,4,April,2,2022,1
2022-04-11,5136.7,Actual,105,48.92095238095238,Monday,0,4,April,2,2022,0
2022-04-12,6152.2,Actual,129,47.691472868217055,Tuesday,1,4,April,2,2022,0
2022-04-13,5891.6,Actual,121,48.690909090909095,Wednesday,2,4,April,2,2022,0
2022-04-14,6030.8,Actual,119,50.67899159663866,Thursday,3,4,April,2,2022,0
2022-04-15,5449.9,Actual,110,49.54454545454545,Friday,4,4,April,2,2022,0
2022-04-16,4993.3,Actual,102,48.95392156862745,Saturday,5,4,April,2,2022,1
2022-04-17,4190.8,Actual,89,47.08764044943821,Sunday,6,4,April,2,2022,1
2022-04-18,6049.8,Actual,124,48.78870967741936,Monday,0,4,April,2,2022,0
2022-04-19,6267.8,Actual,131,47.84580152671756,Tuesday,1,4,April,2,2022,0
2022-04-20,6237.0,Actual,130,47.97692307692308,Wednesday,2,4,April,2,2022,0
2022-04-21,6056.6,Actual,123,49.24065040650407,Thursday,3,4,April,2,2022,0
2022-04-22,5986.2,Actual,125,47.8896,Friday,4,4,April,2,2022,0
2022-04-23,4559.9,Actual,92,49.564130434782605,Saturday,5,4,April,2,2022,1
2022-04-24,4352.4,Actual,83,52.438554216867466,Sunday,6,4,April,2,2022,1
2022-04-25,5346.9,Actual,106,50.44245283018868,Monday,0,4,April,2,2022,0
2022-04-26,5435.7,Actual,113,48.103539823008845,Tuesday,1,4,April,2,2022,0
2022-04-27,5039.2,Actual,109,46.231192660550455,Wednesday,2,4,April,2,2022,0
2022-04-28,6559.7,Actual,128,51.24765625,Thursday,3,4,April,2,2022,0
2022-04-29,5940.4,Actual,122,48.691803278688525,Friday,4,4,April,2,2022,0
2022-04-30,4136.2,Actual,86,48.0953488372093,Saturday,5,4,April,2,2022,1
2022-05-01,4716.9,Actual,93,50.71935483870968,Sunday,6,5,May,2,2022,1
2022-05-02,5660.9,Actual,119,47.57058823529412,Monday,0,5,May,2,2022,0
2022-05-03,5941.8,Actual,119,49.9310924369748,Tuesday,1,5,May,2,2022,0
2022-05-04,5988.5,Actual,118,50.75,Wednesday,2,5,May,2,2022,0
2022-05-05,5406.3,Actual,112,48.270535714285714,Thursday,3,5,May,2,2022,0
2022-05-06,7047.3,Actual,142,49.62887323943662,Friday,4,5,May,2,2022,0
2022-05-07,4207.2,Actual,84,50.08571428571428,Saturday,5,5,May,2,2022,1
2022-05-08,4960.2,Actual,99,50.1030303030303,Sunday,6,5,May,2,2022,1
2022-05-09,5853.3,Actual,123,47.58780487804878,Monday,0,5,May,2,2022,0
2022-05-10,5721.9,Actual,117,48.9051282051282,Tuesday,1,5,May,2,2022,0
2022-05-11,5220.3,Actual,106,49.24811320754717,Wednesday,2,5,May,2,2022,0
2022-05-12,6063.4,Actual,124,48.898387096774194,Thursday,3,5,May,2,2022,0
2022-05-13,5984.0,Actual,125,47.872,Friday,4,5,May,2,2022,0
2022-05-14,4429.9,Actual,91,48.68021978021978,Saturday,5,5,May,2,2022,1
2022-05-15,4514.7,Actual,91,49.61208791208791,Sunday,6,5,May,2,2022,1
2022-05-16,6010.0,Actual,122,49.26229508196721,Monday,0,5,May,2,2022,0
2022-05-17,5793.1,Actual,120,48.27583333333334,Tuesday,1,5,May,2,2022,0
2022-05-18,6277.4,Actual,125,50.2192,Wednesday,2,5,May,2,2022,0
2022-05-19,6360.0,Actual,127,50.07874015748032,Thursday,3,5,May,2,2022,0
2022-05-20,5433.2,Actual,111,48.94774774774775,Friday,4,5,May,2,2022,0
2022-05-21,4513.8,Actual,88,51.29318181818182,Saturday,5,5,May,2,2022,1
2022-05-22,4346.7,Actual,85,51.137647058823525,Sunday,6,5,May,2,2022,1
2022-05-23,5818.3,Actual,109,53.37889908256881,Monday,0,5,May,2,2022,0
2022-05-24,5860.5,Actual,125,46.884,Tuesday,1,5,May,2,2022,0
2022-05-25,5757.1,Actual,114,50.50087719298246,Wednesday,2,5,May,2,2022,0
2022-05-26,5713.6,Actual,117,48.83418803418804,Thursday,3,5,May,2,2022,0
2022-05-27,6377.5,Actual,127,50.21653543307087,Friday,4,5,May,2,2022,0
2022-05-28,4869.8,Actual,98,49.69183673469388,Saturday,5,5,May,2,2022,1
2022-05-29,4177.4,Actual,91,45.9054945054945,Sunday,6,5,May,2,2022,1
2022-05-30,7016.4,Actual,139,50.477697841726616,Monday,0,5,May,2,2022,0
2022-05-31,6782.6,Actual,136,49.87205882352941,Tuesday,1,5,May,2,2022,0
2022-06-01,6202.7,Actual,121,51.26198347107438,Wednesday,2,6,June,2,2022,0
2022-06-02,5921.3,Actual,122,48.53524590163934,Thursday,3,6,June,2,2022,0
2022-06-03,5552.6,Actual,114,48.70701754385965,Friday,4,6,June,2,2022,0
2022-06-04,4796.1,Actual,97,49.44432989690722,Saturday,5,6,June,2,2022,1
2022-06-05,5506.7,Actual,105,52.444761904761904,Sunday,6,6,June,2,2022,1
2022-06-06,5662.8,Actual,110,51.48,Monday,0,6,June,2,2022,0
2022-06-07,5591.2,Actual,110,50.82909090909091,Tuesday,1,6,June,2,2022,0
2022-06-08,5132.9,Actual,108,47.52685185185185,Wednesday,2,6,June,2,2022,0
2022-06-09,5972.1,Actual,121,49.35619834710744,Thursday,3,6,June,2,2022,0
2022-06-10,6415.5,Actual,121,53.02066115702479,Friday,4,6,June,2,2022,0
2022-06-11,4764.1,Actual,94,50.68191489361703,Saturday,5,6,June,2,2022,1
2022-06-12,4640.4,Actual,92,50.439130434782605,Sunday,6,6,June,2,2022,1
2022-06-13,5699.7,Actual,114,49.99736842105263,Monday,0,6,June,2,2022,0
2022-06-14,4880.6,Actual,106,46.0433962264151,Tuesday,1,6,June,2,2022,0
2022-06-15,5686.1,Actual,119,47.78235294117648,Wednesday,2,6,June,2,2022,0
2022-06-16,6108.5,Actual,119,51.33193277310925,Thursday,3,6,June,2,2022,0
2022-06-17,5932.8,Actual,120,49.440000000000005,Friday,4,6,June,2,2022,0
2022-06-18,4295.2,Actual,89,48.26067415730337,Saturday,5,6,June,2,2022,1
2022-06-19,4147.9,Actual,88,47.13522727272727,Sunday,6,6,June,2,2022,1
2022-06-20,5724.2,Actual,117,48.924786324786325,Monday,0,6,June,2,2022,0
2022-06-21,6150.7,Actual,123,50.00569105691057,Tuesday,1,6,June,2,2022,0
2022-06-22,6008.5,Actual,121,49.65702479338843,Wednesday,2,6,June,2,2022,0
2022-06-23,6484.1,Actual,131,49.4969465648855,Thursday,3,6,June,2,2022,0
2022-06-24,5971.4,Actual,118,50.60508474576271,Friday,4,6,June,2,2022,0
2022-06-25,4529.5,Actual,92,49.23369565217392,Saturday,5,6,June,2,2022,1
2022-06-26,4527.9,Actual,91,49.75714285714285,Sunday,6,6,June,2,2022,1
2022-06-27,6004.0,Actual,119,50.45378151260504,Monday,0,6,June,2,2022,0
2022-06-28,5067.7,Actual,107,47.36168224299065,Tuesday,1,6,June,2,2022,0
2022-06-29,6013.3,Actual,117,51.3957264957265,Wednesday,2,6,June,2,2022,0
2022-06-30,6153.6,Actual,128,48.075,Thursday,3,6,June,2,2022,0
2022-07-01,5675.5,Actual,117,48.50854700854701,Friday,4,7,July,3,2022,0
2022-07-02,4618.1,Actual,91,50.74835164835165,Saturday,5,7,July,3,2022,1
2022-07-03,4088.3,Actual,82,49.857317073170734,Sunday,6,7,July,3,2022,1
2022-07-04,6944.5,Actual,140,49.60357142857143,Monday,0,7,July,3,2022,0
2022-07-05,6246.6,Actual,128,48.8015625,Tuesday,1,7,July,3,2022,0
2022-07-06,6412.3,Actual,125,51.2984,Wednesday,2,7,July,3,2022,0
2022-07-07,5232.8,Actual,103,50.803883495145634,Thursday,3,7,July,3,2022,0
2022-07-08,6092.8,Actual,121,50.35371900826446,Friday,4,7,July,3,2022,0
2022-07-09,4619.3,Actual,96,48.11770833333333,Saturday,5,7,July,3,2022,1
2022-07-10,4022.2,Actual,86,46.76976744186047,Sunday,6,7,July,3,2022,1
2022-07-11,5720.2,Actual,121,47.27438016528925,Monday,0,7,July,3,2022,0
2022-07-12,6038.7,Actual,121,49.90661157024793,Tuesday,1,7,July,3,2022,0
2022-07-13,6820.7,Actual,129,52.87364341085272,Wednesday,2,7,July,3,2022,0
2022-07-14,5112.6,Actual,105,48.691428571428574,Thursday,3,7,July,3,2022,0
2022-07-15,5439.1,Actual,105,51.80095238095238,Friday,4,7,July,3,2022,0
2022-07-16,4695.8,Actual,94,49.95531914893617,Saturday,5,7,July,3,2022,1
2022-07-17,4952.2,Actual,100,49.522,Sunday,6,7,July,3,2022,1
2022-07-18,5715.1,Actual,121,47.23223140495868,Monday,0,7,July,3,2022,0
2022-07-19,5810.2,Actual,121,48.018181818181816,Tuesday,1,7,July,3,2022,0
2022-07-20,6125.3,Actual,120,51.04416666666667,Wednesday,2,7,July,3,2022,0
2022-07-21,5180.7,Actual,106,48.87452830188679,Thursday,3,7,July,3,2022,0
2022-07-22,5662.9,Actual,120,47.19083333333333,Friday,4,7,July,3,2022,0
2022-07-23,5527.3,Actual,108,51.1787037037037,Saturday,5,7,July,3,2022,1
2022-07-24,4227.5,Actual,88,48.03977272727273,Sunday,6,7,July,3,2022,1
2022-07-25,6039.6,Actual,121,49.91404958677686,Monday,0,7,July,3,2022,0
2022-07-26,6502.5,Actual,125,52.02,Tuesday,1,7,July,3,2022,0
2022-07-27,5913.5,Actual,127,46.56299212598425,Wednesday,2,7,July,3,2022,0
2022-07-28,5345.3,Actual,114,46.88859649122807,Thursday,3,7,July,3,2022,0
2022-07-29,5378.4,Actual,108,49.8,Friday,4,7,July,3,2022,0
2022-07-30,4495.2,Actual,92,48.86086956521739,Saturday,5,7,July,3,2022,1
2022-07-31,4061.0,Actual,84,48.345238095238095,Sunday,6,7,July,3,2022,1
2022-08-01,5724.8,Actual,118,48.51525423728814,Monday,0,8,August,3,2022,0
2022-08-02,6243.7,Actual,124,50.35241935483871,Tuesday,1,8,August,3,2022,0
2022-08-03,6157.1,Actual,120,51.30916666666667,Wednesday,2,8,August,3,2022,0
2022-08-04,6711.8,Actual,127,52.8488188976378,Thursday,3,8,August,3,2022,0
2022-08-05,6308.0,Actual,130,48.52307692307692,Friday,4,8,August,3,2022,0
2022-08-06,4321.2,Actual,90,48.01333333333333,Saturday,5,8,August,3,2022,1
2022-08-07,3992.2,Actual,82,48.68536585365853,Sunday,6,8,August,3,2022,1
2022-08-08,6697.7,Actual,135,49.61259259259259,Monday,0,8,August,3,2022,0
2022-08-09,5263.1,Actual,105,50.12476190476191,Tuesday,1,8,August,3,2022,0
2022-08-10,5594.0,Actual,116,48.22413793103448,Wednesday,2,8,August,3,2022,0
2022-08-11,6093.0,Actual,119,51.20168067226891,Thursday,3,8,August,3,2022,0
2022-08-12,5627.9,Actual,115,48.93826086956521,Friday,4,8,August,3,2022,0
2022-08-13,4278.1,Actual,87,49.17356321839081,Saturday,5,8,August,3,2022,1
2022-08-14,4533.8,Actual,92,49.2804347826087,Sunday,6,8,August,3,2022,1
2022-08-15,6965.1,Actual,144,48.368750000000006,Monday,0,8,August,3,2022,0
2022-08-16,6079.6,Actual,120,50.66333333333333,Tuesday,1,8,August,3,2022,0
2022-08-17,5716.9,Actual,121,47.24710743801653,Wednesday,2,8,August,3,2022,0
2022-08-18,5991.4,Actual,116,51.65,Thursday,3,8,August,3,2022,0
2022-08-19,5920.8,Actual,125,47.3664,Friday,4,8,August,3,2022,0
2022-08-20,3428.0,Actual,73,46.95890410958904,Saturday,5,8,August,3,2022,1
2022-08-21,4163.9,Actual,84,49.57023809523809,Sunday,6,8,August,3,2022,1
2022-08-22,5809.8,Actual,112,51.87321428571429,Monday,0,8,August,3,2022,0
2022-08-23,6480.2,Actual,126,51.43015873015873,Tuesday,1,8,August,3,2022,0
2022-08-24,6280.3,Actual,122,51.47786885245902,Wednesday,2,8,August,3,2022,0
2022-08-25,6169.3,Actual,120,51.410833333333336,Thursday,3,8,August,3,2022,0
2022-08-26,6147.9,Actual,125,49.1832,Friday,4,8,August,3,2022,0
2022-08-27,5183.5,Actual,104,49.84134615384615,Saturday,5,8,August,3,2022,1
2022-08-28,4938.9,Actual,98,50.3969387755102,Sunday,6,8,August,3,2022,1
2022-08-29,5839.4,Actual,119,49.07058823529412,Monday,0,8,August,3,2022,0
2022-08-30,5820.7,Actual,121,48.10495867768595,Tuesday,1,8,August,3,2022,0
2022-08-31,6625.2,Actual,128,51.759375,Wednesday,2,8,August,3,2022,0
2022-09-01,5495.9,Actual,110,49.96272727272727,Thursday,3,9,September,3,2022,0
2022-09-02,6693.2,Actual,131,51.09312977099236,Friday,4,9,September,3,2022,0
2022-09-03,3793.6,Actual,71,53.43098591549296,Saturday,5,9,September,3,2022,1
2022-09-04,4083.7,Actual,81,50.41604938271605,Sunday,6,9,September,3,2022,1
2022-09-05,5592.7,Actual,117,47.8008547008547,Monday,0,9,September,3,2022,0
2022-09-06,6080.9,Actual,124,49.03951612903226,Tuesday,1,9,September,3,2022,0
2022-09-07,5162.6,Actual,106,48.70377358490566,Wednesday,2,9,September,3,2022,0
2022-09-08,5899.9,Actual,119,49.57899159663865,Thursday,3,9,September,3,2022,0
2022-09-09,6067.2,Actual,126,48.15238095238095,Friday,4,9,September,3,2022,0
2022-09-10,4375.0,Actual,91,48.07692307692308,Saturday,5,9,September,3,2022,1
2022-09-11,4097.5,Actual,83,49.36746987951807,Sunday,6,9,September,3,2022,1
2022-09-12,5881.0,Actual,116,50.69827586206897,Monday,0,9,September,3,2022,0
2022-09-13,5671.9,Actual,119,47.66302521008403,Tuesday,1,9,September,3,2022,0
2022-09-14,6254.1,Actual,121,51.686776859504135,Wednesday,2,9,September,3,2022,0
2022-09-15,4828.2,Actual,99,48.769696969696966,Thursday,3,9,September,3,2022,0
2022-09-16,6211.7,Actual,122,50.91557377049181,Friday,4,9,September,3,2022,0
2022-09-17,3810.1,Actual,81,47.038271604938274,Saturday,5,9,September,3,2022,1
2022-09-18,4728.4,Actual,99,47.76161616161616,Sunday,6,9,September,3,2022,1
2022-09-19,6301.7,Actual,129,48.850387596899225,Monday,0,9,September,3,2022,0
2022-09-20,4819.4,Actual,102,47.24901960784313,Tuesday,1,9,September,3,2022,0
2022-09-21,6831.9,Actual,136,50.23455882352941,Wednesday,2,9,September,3,2022,0
2022-09-22,6348.5,Actual,127,49.98818897637796,Thursday,3,9,September,3,2022,0
2022-09-23,5618.9,Actual,116,48.43879310344828,Friday,4,9,September,3,2022,0
2022-09-24,4362.9,Actual,88,49.57840909090908,Saturday,5,9,September,3,2022,1
2022-09-25,4232.9,Actual,84,50.391666666666666,Sunday,6,9,September,3,2022,1
2022-09-26,5330.6,Actual,108,49.35740740740741,Monday,0,9,September,3,2022,0
2022-09-27,5977.9,Actual,116,51.533620689655166,Tuesday,1,9,September,3,2022,0
2022-09-28,5815.0,Actual,116,50.12931034482759,Wednesday,2,9,September,3,2022,0
2022-09-29,5797.3,Actual,121,47.91157024793389,Thursday,3,9,September,3,2022,0
2022-09-30,5735.7,Actual,119,48.19915966386554,Friday,4,9,September,3,2022,0
2022-10-01,4222.1,Actual,87,48.52988505747127,Saturday,5,10,October,4,2022,1
2022-10-02,5241.3,Actual,102,51.38529411764706,Sunday,6,10,October,4,2022,1
2022-10-03,5699.2,Actual,112,50.885714285714286,Monday,0,10,October,4,2022,0
2022-10-04,6650.5,Actual,133,50.00375939849624,Tuesday,1,10,October,4,2022,0
2022-10-05,5752.8,Actual,113,50.90973451327434,Wednesday,2,10,October,4,2022,0
2022-10-06,5953.6,Actual,119,50.030252100840336,Thursday,3,10,October,4,2022,0
2022-10-07,6124.5,Actual,127,48.224409448818896,Friday,4,10,October,4,2022,0
2022-10-08,5121.4,Actual,97,52.79793814432989,Saturday,5,10,October,4,2022,1
2022-10-09,4449.4,Actual,87,51.14252873563218,Sunday,6,10,October,4,2022,1
2022-10-10,5554.7,Actual,117,47.476068376068376,Monday,0,10,October,4,2022,0
2022-10-11,6174.3,Actual,119,51.88487394957984,Tuesday,1,10,October,4,2022,0
2022-10-12,5641.3,Actual,116,48.63189655172414,Wednesday,2,10,October,4,2022,0
2022-10-13,6555.5,Actual,133,49.28947368421053,Thursday,3,10,October,4,2022,0
2022-10-14,6169.3,Actual,123,50.15691056910569,Friday,4,10,October,4,2022,0
2022-10-15,4520.3,Actual,90,50.22555555555556,Saturday,5,10,October,4,2022,1
2022-10-16,3779.4,Actual,77,49.08311688311689,Sunday,6,10,October,4,2022,1
2022-10-17,5416.5,Actual,110,49.24090909090909,Monday,0,10,October,4,2022,0
2022-10-18,5196.6,Actual,107,48.56635514018692,Tuesday,1,10,October,4,2022,0
2022-10-19,6519.6,Actual,131,49.767938931297714,Wednesday,2,10,October,4,2022,0
2022-10-20,6087.7,Actual,122,49.89918032786885,Thursday,3,10,October,4,2022,0
2022-10-21,5753.4,Actual,117,49.174358974358974,Friday,4,10,October,4,2022,0
2022-10-22,3881.4,Actual,85,45.66352941176471,Saturday,5,10,October,4,2022,1
2022-10-23,4798.6,Actual,96,49.98541666666667,Sunday,6,10,October,4,2022,1
2022-10-24,6428.1,Actual,124,51.83951612903226,Monday,0,10,October,4,2022,0
2022-10-25,5436.2,Actual,115,47.27130434782609,Tuesday,1,10,October,4,2022,0
2022-10-26,5386.5,Actual,112,48.09375,Wednesday,2,10,October,4,2022,0
2022-10-27,6592.9,Actual,134,49.20074626865672,Thursday,3,10,October,4,2022,0
2022-10-28,5254.4,Actual,105,50.04190476190476,Friday,4,10,October,4,2022,0
2022-10-29,4041.7,Actual,86,46.996511627906976,Saturday,5,10,October,4,2022,1
2022-10-30,4884.2,Actual,98,49.83877551020408,Sunday,6,10,October,4,2022,1
2022-10-31,5558.6,Actual,118,47.10677966101695,Monday,0,10,October,4,2022,0
2022-11-01,5736.8,Actual,115,49.88521739130435,Tuesday,1,11,November,4,2022,0
2022-11-02,5147.2,Actual,105,49.02095238095238,Wednesday,2,11,November,4,2022,0
2022-11-03,6793.9,Actual,127,53.49527559055118,Thursday,3,11,November,4,2022,0
2022-11-04,5997.3,Actual,116,51.70086206896552,Friday,4,11,November,4,2022,0
2022-11-05,4206.5,Actual,83,50.68072289156626,Saturday,5,11,November,4,2022,1
2022-11-06,4599.0,Actual,88,52.26136363636363,Sunday,6,11,November,4,2022,1
2022-11-07,6141.8,Actual,117,52.494017094017096,Monday,0,11,November,4,2022,0
2022-11-08,5860.9,Actual,122,48.04016393442623,Tuesday,1,11,November,4,2022,0
2022-11-09,5610.8,Actual,113,49.65309734513274,Wednesday,2,11,November,4,2022,0
2022-11-10,6203.6,Actual,124,50.02903225806452,Thursday,3,11,November,4,2022,0
2022-11-11,6665.8,Actual,133,50.1187969924812,Friday,4,11,November,4,2022,0
2022-11-12,4578.6,Actual,91,50.31428571428572,Saturday,5,11,November,4,2022,1
2022-11-13,4703.4,Actual,98,47.9938775510204,Sunday,6,11,November,4,2022,1
2022-11-14,6897.3,Actual,137,50.34525547445256,Monday,0,11,November,4,2022,0
2022-11-15,5905.5,Actual,122,48.40573770491803,Tuesday,1,11,November,4,2022,0
2022-11-16,5878.8,Actual,117,50.246153846153845,Wednesday,2,11,November,4,2022,0
2022-11-17,6503.7,Actual,130,50.028461538461535,Thursday,3,11,November,4,2022,0
2022-11-18,5972.0,Actual,116,51.48275862068966,Friday,4,11,November,4,2022,0
2022-11-19,3723.5,Actual,76,48.99342105263158,Saturday,5,11,November,4,2022,1
2022-11-20,4726.3,Actual,95,49.75052631578948,Sunday,6,11,November,4,2022,1
2022-11-21,5365.1,Actual,108,49.67685185185186,Monday,0,11,November,4,2022,0
2022-11-22,5837.8,Actual,119,49.05714285714286,Tuesday,1,11,November,4,2022,0
2022-11-23,6443.2,Actual,135,47.727407407407405,Wednesday,2,11,November,4,2022,0
2022-11-24,5257.8,Actual,110,47.79818181818182,Thursday,3,11,November,4,2022,0
2022-11-25,6599.3,Actual,129,51.15736434108527,Friday,4,11,November,4,2022,0
2022-11-26,4294.0,Actual,91,47.18681318681319,Saturday,5,11,November,4,2022,1
2022-11-27,4552.6,Actual,95,47.922105263157896,Sunday,6,11,November,4,2022,1
2022-11-28,6845.3,Actual,140,48.895,Monday,0,11,November,4,2022,0
2022-11-29,6218.3,Actual,122,50.96967213114754,Tuesday,1,11,November,4,2022,0
2022-11-30,5798.7,Actual,110,52.71545454545454,Wednesday,2,11,November,4,2022,0
2022-12-01,4929.6,Actual,104,47.400000000000006,Thursday,3,12,December,4,2022,0
2022-12-02,6393.1,Actual,130,49.17769230769231,Friday,4,12,December,4,2022,0
2022-12-03,4226.9,Actual,81,52.18395061728395,Saturday,5,12,December,4,2022,1
2022-12-04,4382.7,Actual,89,49.2438202247191,Sunday,6,12,December,4,2022,1
2022-12-05,5715.8,Actual,113,50.58230088495576,Monday,0,12,December,4,2022,0
2022-12-06,7291.7,Actual,143,50.99090909090909,Tuesday,1,12,December,4,2022,0
2022-12-07,5804.5,Actual,116,50.03879310344828,Wednesday,2,12,December,4,2022,0
2022-12-08,6048.3,Actual,121,49.98595041322314,Thursday,3,12,December,4,2022,0
2022-12-09,5763.6,Actual,116,49.68620689655173,Friday,4,12,December,4,2022,0
2022-12-10,4482.6,Actual,87,51.52413793103449,Saturday,5,12,December,4,2022,1
2022-12-11,4113.7,Actual,86,47.83372093023256,Sunday,6,12,December,4,2022,1
2022-12-12,6302.2,Actual,129,48.85426356589147,Monday,0,12,December,4,2022,0
2022-12-13,5477.0,Actual,113,48.469026548672566,Tuesday,1,12,December,4,2022,0
2022-12-14,5874.7,Actual,117,50.21111111111111,Wednesday,2,12,December,4,2022,0
2022-12-15,5406.6,Actual,116,46.608620689655176,Thursday,3,12,December,4,2022,0
2022-12-16,5823.0,Actual,116,50.19827586206897,Friday,4,12,December,4,2022,0
2022-12-17,4499.8,Actual,89,50.55955056179776,Saturday,5,12,December,4,2022,1
2022-12-18,3940.9,Actual,84,46.91547619047619,Sunday,6,12,December,4,2022,1
2022-12-19,6112.8,Actual,129,47.38604651162791,Monday,0,12,December,4,2022,0
2022-12-20,5373.3,Actual,112,47.97589285714286,Tuesday,1,12,December,4,2022,0
2022-12-21,5382.7,Actual,117,46.0059829059829,Wednesday,2,12,December,4,2022,0
2022-12-22,6434.8,Actual,136,47.31470588235294,Thursday,3,12,December,4,2022,0
2022-12-23,6440.5,Actual,128,50.31640625,Friday,4,12,December,4,2022,0
2022-12-24,5120.5,Actual,102,50.20098039215687,Saturday,5,12,December,4,2022,1
2022-12-25,4069.5,Actual,84,48.44642857142857,Sunday,6,12,December,4,2022,1
2022-12-26,6008.8,Actual,124,48.45806451612904,Monday,0,12,December,4,2022,0
2022-12-27,6506.4,Actual,124,52.47096774193548,Tuesday,1,12,December,4,2022,0
2022-12-28,5826.3,Actual,124,46.98629032258064,Wednesday,2,12,December,4,2022,0
2022-12-29,5167.5,Actual,101,51.16336633663367,Thursday,3,12,December,4,2022,0
2022-12-30,5843.3,Actual,116,50.373275862068965,Friday,4,12,December,4,2022,0
2022-12-31,4467.5,Actual,91,49.09340659340659,Saturday,5,12,December,4,2022,1
2023-01-01,8499.6,Actual,183,46.44590163934426,Sunday,6,1,January,1,2023,1
2023-01-02,11565.7,Actual,240,48.19041666666667,Monday,0,1,January,1,2023,0
2023-01-03,12003.1,Actual,257,46.70466926070039,Tuesday,1,1,January,1,2023,0
2023-01-04,11864.3,Actual,248,47.83991935483871,Wednesday,2,1,January,1,2023,0
2023-01-05,12787.8,Actual,270,47.36222222222222,Thursday,3,1,January,1,2023,0
2023-01-06,12033.0,Actual,256,47.00390625,Friday,4,1,January,1,2023,0
2023-01-07,9606.1,Actual,205,46.8590243902439,Saturday,5,1,January,1,2023,1
2023-01-08,8833.7,Actual,187,47.23903743315508,Sunday,6,1,January,1,2023,1
2023-01-09,12369.3,Actual,263,47.03155893536121,Monday,0,1,January,1,2023,0
2023-01-10,12951.8,Actual,263,49.24638783269962,Tuesday,1,1,January,1,2023,0
2023-01-11,11762.7,Actual,252,46.67738095238096,Wednesday,2,1,January,1,2023,0
2023-01-12,11575.4,Actual,250,46.3016,Thursday,3,1,January,1,2023,0
2023-01-13,13052.1,Actual,282,46.28404255319149,Friday,4,1,January,1,2023,0
2023-01-14,7690.9,Actual,163,47.183435582822085,Saturday,5,1,January,1,2023,1
2023-01-15,8555.7,Actual,188,45.50904255319149,Sunday,6,1,January,1,2023,1
2023-01-16,11935.7,Actual,247,48.32267206477733,Monday,0,1,January,1,2023,0
2023-01-17,11950.9,Actual,262,45.61412213740458,Tuesday,1,1,January,1,2023,0
2023-01-18,13287.3,Actual,282,47.11808510638298,Wednesday,2,1,January,1,2023,0
2023-01-19,11307.6,Actual,240,47.115,Thursday,3,1,January,1,2023,0
2023-01-20,12779.9,Actual,279,45.80609318996416,Friday,4,1,January,1,2023,0
2023-01-21,9948.0,Actual,209,47.59808612440192,Saturday,5,1,January,1,2023,1
2023-01-22,9433.6,Actual,199,47.40502512562814,Sunday,6,1,January,1,2023,1
2023-01-23,13181.4,Actual,280,47.07642857142857,Monday,0,1,January,1,2023,0
2023-01-24,12281.4,Actual,264,46.52045454545454,Tuesday,1,1,January,1,2023,0
2023-01-25,11893.3,Actual,246,48.34674796747967,Wednesday,2,1,January,1,2023,0
2023-01-26,12652.0,Actual,267,47.38576779026217,Thursday,3,1,January,1,2023,0
2023-01-27,12135.8,Actual,261,46.497318007662834,Friday,4,1,January,1,2023,0
2023-01-28,8590.4,Actual,181,47.46077348066298,Saturday,5,1,January,1,2023,1
2023-01-29,7752.8,Actual,169,45.87455621301776,Sunday,6,1,January,1,2023,1
2023-01-30,11986.1,Actual,256,46.820703125,Monday,0,1,January,1,2023,0
2023-01-31,11921.7,Actual,250,47.686800000000005,Tuesday,1,1,January,1,2023,0
2023-02-01,11612.1,Actual,246,47.203658536585365,Wednesday,2,2,February,1,2023,0
2023-02-02,11232.3,Actual,233,48.20729613733905,Thursday,3,2,February,1,2023,0
2023-02-03,12602.4,Actual,257,49.03657587548638,Friday,4,2,February,1,2023,0
2023-02-04,8202.4,Actual,182,45.06813186813186,Saturday,5,2,February,1,2023,1
2023-02-05,9234.1,Actual,188,49.11755319148936,Sunday,6,2,February,1,2023,1
2023-02-06,11141.6,Actual,241,46.23070539419087,Monday,0,2,February,1,2023,0
2023-02-07,12148.6,Actual,265,45.84377358490566,Tuesday,1,2,February,1,2023,0
2023-02-08,11712.8,Actual,252,46.479365079365074,Wednesday,2,2,February,1,2023,0
2023-02-09,12564.8,Actual,263,47.774904942965776,Thursday,3,2,February,1,2023,0
2023-02-10,11001.5,Actual,232,47.42025862068966,Friday,4,2,February,1,2023,0
2023-02-11,8571.1,Actual,177,48.42429378531074,Saturday,5,2,February,1,2023,1
2023-02-12,9450.6,Actual,202,46.785148514851485,Sunday,6,2,February,1,2023,1
2023-02-13,13031.6,Actual,274,47.56058394160584,Monday,0,2,February,1,2023,0
2023-02-14,11928.6,Actual,254,46.96299212598425,Tuesday,1,2,February,1,2023,0
2023-02-15,12298.4,Actual,261,47.12030651340996,Wednesday,2,2,February,1,2023,0
2023-02-16,11812.5,Actual,249,47.43975903614458,Thursday,3,2,February,1,2023,0
2023-02-17,13032.3,Actual,285,45.72736842105263,Friday,4,2,February,1,2023,0
2023-02-18,9362.4,Actual,201,46.579104477611935,Saturday,5,2,February,1,2023,1
2023-02-19,8320.9,Actual,175,47.548,Sunday,6,2,February,1,2023,1
2023-02-20,11066.5,Actual,245,45.16938775510204,Monday,0,2,February,1,2023,0
2023-02-21,12751.5,Actual,277,46.03429602888087,Tuesday,1,2,February,1,2023,0
2023-02-22,12096.7,Actual,267,45.3059925093633,Wednesday,2,2,February,1,2023,0
2023-02-23,11203.6,Actual,240,46.681666666666665,Thursday,3,2,February,1,2023,0
2023-02-24,13517.3,Actual,280,48.27607142857143,Friday,4,2,February,1,2023,0
2023-02-25,8557.1,Actual,184,46.50597826086957,Saturday,5,2,February,1,2023,1
2023-02-26,9256.4,Actual,195,47.468717948717945,Sunday,6,2,February,1,2023,1
2023-02-27,12283.7,Actual,262,46.884351145038174,Monday,0,2,February,1,2023,0
2023-02-28,11409.9,Actual,245,46.571020408163264,Tuesday,1,2,February,1,2023,0
2023-03-01,11843.2,Actual,247,47.94817813765182,Wednesday,2,3,March,1,2023,0
2023-03-02,11903.8,Actual,251,47.42549800796812,Thursday,3,3,March,1,2023,0
2023-03-03,12341.7,Actual,272,45.37389705882353,Friday,4,3,March,1,2023,0
2023-03-04,8790.7,Actual,194,45.31288659793815,Saturday,5,3,March,1,2023,1
2023-03-05,8808.3,Actual,190,46.35947368421052,Sunday,6,3,March,1,2023,1
2023-03-06,11653.7,Actual,254,45.88070866141732,Monday,0,3,March,1,2023,0
2023-03-07,12151.1,Actual,264,46.02689393939394,Tuesday,1,3,March,1,2023,0
2023-03-08,11957.0,Actual,253,47.26086956521739,Wednesday,2,3,March,1,2023,0
2023-03-09,12342.6,Actual,255,48.40235294117648,Thursday,3,3,March,1,2023,0
2023-03-10,11930.8,Actual,259,46.06486486486486,Friday,4,3,March,1,2023,0
2023-03-11,8319.4,Actual,178,46.73820224719101,Saturday,5,3,March,1,2023,1
2023-03-12,9206.1,Actual,185,49.762702702702704,Sunday,6,3,March,1,2023,1
2023-03-13,11586.5,Actual,242,47.87809917355372,Monday,0,3,March,1,2023,0
2023-03-14,12953.0,Actual,279,46.42652329749104,Tuesday,1,3,March,1,2023,0
2023-03-15,11324.7,Actual,241,46.99045643153527,Wednesday,2,3,March,1,2023,0
2023-03-16,11241.4,Actual,241,46.6448132780083,Thursday,3,3,March,1,2023,0
2023-03-17,11771.9,Actual,241,48.8460580912863,Friday,4,3,March,1,2023,0
2023-03-18,8629.3,Actual,188,45.90053191489361,Saturday,5,3,March,1,2023,1
2023-03-19,8398.7,Actual,183,45.89453551912569,Sunday,6,3,March,1,2023,1
2023-03-20,12404.3,Actual,260,47.70884615384615,Monday,0,3,March,1,2023,0
2023-03-21,13202.2,Actual,282,46.8163120567376,Tuesday,1,3,March,1,2023,0
2023-03-22,11025.2,Actual,236,46.71694915254238,Wednesday,2,3,March,1,2023,0
2023-03-23,11640.6,Actual,252,46.19285714285714,Thursday,3,3,March,1,2023,0
2023-03-24,13554.5,Actual,279,48.58243727598566,Friday,4,3,March,1,2023,0
2023-03-25,8831.2,Actual,196,45.057142857142864,Saturday,5,3,March,1,2023,1
2023-03-26,8998.0,Actual,184,48.90217391304348,Sunday,6,3,March,1,2023,1
2023-03-27,13146.8,Actual,277,47.461371841155234,Monday,0,3,March,1,2023,0
2023-03-28,11690.9,Actual,260,44.965,Tuesday,1,3,March,1,2023,0
2023-03-29,11846.9,Actual,253,46.82569169960474,Wednesday,2,3,March,1,2023,0
2023-03-30,12794.1,Actual,268,47.739179104477614,Thursday,3,3,March,1,2023,0
2023-03-31,11637.2,Actual,251,46.36334661354582,Friday,4,3,March,1,2023,0
2023-04-01,7811.7,Actual,166,47.05843373493976,Saturday,5,4,April,2,2023,1
2023-04-02,8664.3,Actual,177,48.95084745762711,Sunday,6,4,April,2,2023,1
2023-04-03,13174.9,Actual,279,47.22186379928316,Monday,0,4,April,2,2023,0
2023-04-04,12418.2,Actual,254,48.89055118110237,Tuesday,1,4,April,2,2023,0
2023-04-05,12221.2,Actual,259,47.18610038610039,Wednesday,2,4,April,2,2023,0
2023-04-06,10378.0,Actual,227,45.71806167400881,Thursday,3,4,April,2,2023,0
2023-04-07,11860.5,Actual,253,46.8794466403162,Friday,4,4,April,2,2023,0
2023-04-08,8916.4,Actual,195,45.7251282051282,Saturday,5,4,April,2,2023,1
2023-04-09,8966.8,Actual,192,46.70208333333333,Sunday,6,4,April,2,2023,1
2023-04-10,11635.8,Actual,255,45.63058823529411,Monday,0,4,April,2,2023,0
2023-04-11,11778.5,Actual,258,45.6531007751938,Tuesday,1,4,April,2,2023,0
2023-04-12,11887.4,Actual,247,48.12712550607287,Wednesday,2,4,April,2,2023,0
2023-04-13,13057.6,Actual,274,47.65547445255475,Thursday,3,4,April,2,2023,0
2023-04-14,11584.8,Actual,244,47.47868852459016,Friday,4,4,April,2,2023,0
2023-04-15,9532.6,Actual,193,49.39170984455959,Saturday,5,4,April,2,2023,1
2023-04-16,8805.7,Actual,190,46.34578947368421,Sunday,6,4,April,2,2023,1
2023-04-17,11434.8,Actual,245,46.67265306122449,Monday,0,4,April,2,2023,0
2023-04-18,13449.1,Actual,284,47.35598591549296,Tuesday,1,4,April,2,2023,0
2023-04-19,12342.6,Actual,262,47.10916030534352,Wednesday,2,4,April,2,2023,0
2023-04-20,11572.7,Actual,248,46.664112903225806,Thursday,3,4,April,2,2023,0
2023-04-21,11531.1,Actual,241,47.84688796680498,Friday,4,4,April,2,2023,0
2023-04-22,8910.4,Actual,190,46.896842105263154,Saturday,5,4,April,2,2023,1
2023-04-23,9619.1,Actual,206,46.69466019417476,Sunday,6,4,April,2,2023,1
2023-04-24,11434.9,Actual,245,46.67306122448979,Monday,0,4,April,2,2023,0
2023-04-25,10436.2,Actual,227,45.97444933920705,Tuesday,1,4,April,2,2023,0
2023-04-26,11387.3,Actual,244,46.66926229508197,Wednesday,2,4,April,2,2023,0
2023-04-27,11771.9,Actual,240,49.04958333333333,Thursday,3,4,April,2,2023,0
2023-04-28,12167.8,Actual,253,48.09407114624506,Friday,4,4,April,2,2023,0
2023-04-29,8245.5,Actual,184,44.8125,Saturday,5,4,April,2,2023,1
2023-04-30,8502.4,Actual,185,45.95891891891892,Sunday,6,4,April,2,2023,1
2023-05-01,11483.9,Actual,255,45.03490196078431,Monday,0,5,May,2,2023,0
2023-05-02,12211.5,Actual,263,46.43155893536122,Tuesday,1,5,May,2,2023,0
2023-05-03,10828.6,Actual,230,47.08086956521739,Wednesday,2,5,May,2,2023,0
2023-05-04,12509.4,Actual,260,48.113076923076925,Thursday,3,5,May,2,2023,0
2023-05-05,11538.6,Actual,242,47.6801652892562,Friday,4,5,May,2,2023,0
2023-05-06,8581.2,Actual,178,48.20898876404495,Saturday,5,5,May,2,2023,1
2023-05-07,8635.9,Actual,182,47.45,Sunday,6,5,May,2,2023,1
2023-05-08,11302.8,Actual,254,44.4992125984252,Monday,0,5,May,2,2023,0
2023-05-09,11957.3,Actual,243,49.20699588477366,Tuesday,1,5,May,2,2023,0
2023-05-10,11928.2,Actual,258,46.23333333333333,Wednesday,2,5,May,2,2023,0
2023-05-11,11193.1,Actual,236,47.42838983050848,Thursday,3,5,May,2,2023,0
2023-05-12,11771.7,Actual,257,45.804280155642026,Friday,4,5,May,2,2023,0
2023-05-13,8852.2,Actual,193,45.86632124352332,Saturday,5,5,May,2,2023,1
2023-05-14,8991.6,Actual,194,46.34845360824743,Sunday,6,5,May,2,2023,1
2023-05-15,11548.0,Actual,242,47.71900826446281,Monday,0,5,May,2,2023,0
2023-05-16,10799.4,Actual,235,45.95489361702128,Tuesday,1,5,May,2,2023,0
2023-05-17,11931.4,Actual,242,49.30330578512397,Wednesday,2,5,May,2,2023,0
2023-05-18,12180.6,Actual,244,49.92049180327869,Thursday,3,5,May,2,2023,0
2023-05-19,13581.8,Actual,288,47.15902777777777,Friday,4,5,May,2,2023,0
2023-05-20,8570.0,Actual,181,47.34806629834255,Saturday,5,5,May,2,2023,1
2023-05-21,8465.1,Actual,186,45.51129032258065,Sunday,6,5,May,2,2023,1
2023-05-22,13131.8,Actual,279,47.0673835125448,Monday,0,5,May,2,2023,0
2023-05-23,13127.5,Actual,278,47.22122302158273,Tuesday,1,5,May,2,2023,0
2023-05-24,11327.2,Actual,248,45.6741935483871,Wednesday,2,5,May,2,2023,0
2023-05-25,13334.5,Actual,280,47.62321428571428,Thursday,3,5,May,2,2023,0
2023-05-26,11562.1,Actual,242,47.77727272727273,Friday,4,5,May,2,2023,0
2023-05-27,8472.2,Actual,182,46.550549450549454,Saturday,5,5,May,2,2023,1
2023-05-28,9366.5,Actual,195,48.03333333333333,Sunday,6,5,May,2,2023,1
2023-05-29,12248.0,Actual,261,46.9272030651341,Monday,0,5,May,2,2023,0
2023-05-30,10836.0,Actual,237,45.721518987341774,Tuesday,1,5,May,2,2023,0
2023-05-31,12400.7,Actual,261,47.51226053639847,Wednesday,2,5,May,2,2023,0
2023-06-01,11383.4,Actual,248,45.9008064516129,Thursday,3,6,June,2,2023,0
2023-06-02,13147.8,Actual,270,48.69555555555555,Friday,4,6,June,2,2023,0
2023-06-03,8992.0,Actual,195,46.11282051282051,Saturday,5,6,June,2,2023,1
2023-06-04,7716.7,Actual,168,45.93273809523809,Sunday,6,6,June,2,2023,1
2023-06-05,12991.9,Actual,269,48.297026022304834,Monday,0,6,June,2,2023,0
2023-06-06,12573.1,Actual,260,48.35807692307692,Tuesday,1,6,June,2,2023,0
2023-06-07,11928.9,Actual,245,48.68938775510204,Wednesday,2,6,June,2,2023,0
2023-06-08,12268.0,Actual,259,47.366795366795365,Thursday,3,6,June,2,2023,0
2023-06-09,11637.0,Actual,256,45.45703125,Friday,4,6,June,2,2023,0
2023-06-10,8798.5,Actual,180,48.88055555555555,Saturday,5,6,June,2,2023,1
2023-06-11,8208.1,Actual,169,48.56863905325444,Sunday,6,6,June,2,2023,1
2023-06-12,12559.1,Actual,268,46.86231343283582,Monday,0,6,June,2,2023,0
2023-06-13,11986.8,Actual,264,45.40454545454545,Tuesday,1,6,June,2,2023,0
2023-06-14,12112.6,Actual,257,47.130739299610894,Wednesday,2,6,June,2,2023,0
2023-06-15,11473.3,Actual,243,47.21522633744856,Thursday,3,6,June,2,2023,0
2023-06-16,12183.5,Actual,260,46.85961538461538,Friday,4,6,June,2,2023,0
2023-06-17,9125.2,Actual,190,48.02736842105264,Saturday,5,6,June,2,2023,1
2023-06-18,9233.0,Actual,200,46.165,Sunday,6,6,June,2,2023,1
2023-06-19,11240.6,Actual,240,46.83583333333333,Monday,0,6,June,2,2023,0
2023-06-20,11744.7,Actual,250,46.9788,Tuesday,1,6,June,2,2023,0
2023-06-21,11659.1,Actual,241,48.37800829875519,Wednesday,2,6,June,2,2023,0
2023-06-22,12767.5,Actual,263,48.545627376425855,Thursday,3,6,June,2,2023,0
2023-06-23,12177.5,Actual,254,47.94291338582677,Friday,4,6,June,2,2023,0
2023-06-24,7989.7,Actual,172,46.45174418604651,Saturday,5,6,June,2,2023,1
2023-06-25,9163.5,Actual,197,46.515228426395936,Sunday,6,6,June,2,2023,1
2023-06-26,12043.3,Actual,250,48.1732,Monday,0,6,June,2,2023,0
2023-06-27,12645.4,Actual,264,47.89924242424242,Tuesday,1,6,June,2,2023,0
2023-06-28,13308.3,Actual,276,48.21847826086956,Wednesday,2,6,June,2,2023,0
2023-06-29,12085.9,Actual,263,45.95399239543726,Thursday,3,6,June,2,2023,0
2023-06-30,12474.7,Actual,260,47.979615384615386,Friday,4,6,June,2,2023,0
2023-07-01,9460.3,Actual,194,48.76443298969072,Saturday,5,7,July,3,2023,1
2023-07-02,8668.7,Actual,192,45.14947916666667,Sunday,6,7,July,3,2023,1
2023-07-03,12043.7,Actual,247,48.759919028340086,Monday,0,7,July,3,2023,0
2023-07-04,12329.3,Actual,270,45.66407407407407,Tuesday,1,7,July,3,2023,0
2023-07-05,11190.9,Actual,244,45.86434426229508,Wednesday,2,7,July,3,2023,0
2023-07-06,11220.2,Actual,238,47.1436974789916,Thursday,3,7,July,3,2023,0
2023-07-07,12307.1,Actual,258,47.701937984496126,Friday,4,7,July,3,2023,0
2023-07-08,8721.4,Actual,189,46.144973544973546,Saturday,5,7,July,3,2023,1
2023-07-09,9310.9,Actual,193,48.24300518134715,Sunday,6,7,July,3,2023,1
2023-07-10,12654.9,Actual,263,48.117490494296575,Monday,0,7,July,3,2023,0
2023-07-11,10597.5,Actual,237,44.71518987341772,Tuesday,1,7,July,3,2023,0
2023-07-12,11219.6,Actual,242,46.36198347107438,Wednesday,2,7,July,3,2023,0
2023-07-13,13255.3,Actual,269,49.27620817843866,Thursday,3,7,July,3,2023,0
2023-07-14,11382.6,Actual,236,48.23135593220339,Friday,4,7,July,3,2023,0
2023-07-15,9282.7,Actual,196,47.36071428571429,Saturday,5,7,July,3,2023,1
2023-07-16,8942.0,Actual,193,46.33160621761658,Sunday,6,7,July,3,2023,1
2023-07-17,11099.2,Actual,231,48.04848484848485,Monday,0,7,July,3,2023,0
2023-07-18,11611.0,Actual,247,47.00809716599191,Tuesday,1,7,July,3,2023,0
2023-07-19,11881.6,Actual,257,46.23190661478599,Wednesday,2,7,July,3,2023,0
2023-07-20,11333.3,Actual,243,46.63909465020576,Thursday,3,7,July,3,2023,0
2023-07-21,13067.2,Actual,283,46.17385159010601,Friday,4,7,July,3,2023,0
2023-07-22,9092.1,Actual,195,46.62615384615385,Saturday,5,7,July,3,2023,1
2023-07-23,8831.9,Actual,189,46.72962962962963,Sunday,6,7,July,3,2023,1
2023-07-24,13807.1,Actual,288,47.941319444444446,Monday,0,7,July,3,2023,0
2023-07-25,12795.4,Actual,269,47.566542750929365,Tuesday,1,7,July,3,2023,0
2023-07-26,13004.5,Actual,265,49.073584905660375,Wednesday,2,7,July,3,2023,0
2023-07-27,12595.3,Actual,249,50.58353413654618,Thursday,3,7,July,3,2023,0
2023-07-28,11237.2,Actual,234,48.02222222222223,Friday,4,7,July,3,2023,0
2023-07-29,8562.8,Actual,182,47.04835164835164,Saturday,5,7,July,3,2023,1
2023-07-30,8442.4,Actual,184,45.88260869565217,Sunday,6,7,July,3,2023,1
2023-07-31,11967.3,Actual,256,46.747265625,Monday,0,7,July,3,2023,0
2023-08-01,12701.5,Actual,271,46.8690036900369,Tuesday,1,8,August,3,2023,0
2023-08-02,11957.1,Actual,258,46.3453488372093,Wednesday,2,8,August,3,2023,0
2023-08-03,11247.7,Actual,232,48.48146551724138,Thursday,3,8,August,3,2023,0
2023-08-04,11281.8,Actual,247,45.675303643724696,Friday,4,8,August,3,2023,0
2023-08-05,9444.1,Actual,204,46.29460784313726,Saturday,5,8,August,3,2023,1
2023-08-06,8569.4,Actual,184,46.57282608695652,Sunday,6,8,August,3,2023,1
2023-08-07,11877.5,Actual,252,47.132936507936506,Monday,0,8,August,3,2023,0
2023-08-08,11211.8,Actual,236,47.50762711864407,Tuesday,1,8,August,3,2023,0
2023-08-09,11592.4,Actual,250,46.3696,Wednesday,2,8,August,3,2023,0
2023-08-10,12326.2,Actual,264,46.69015151515152,Thursday,3,8,August,3,2023,0
2023-08-11,12222.2,Actual,268,45.605223880597016,Friday,4,8,August,3,2023,0
2023-08-12,9512.3,Actual,197,48.28578680203045,Saturday,5,8,August,3,2023,1
2023-08-13,10197.8,Actual,210,48.56095238095238,Sunday,6,8,August,3,2023,1
2023-08-14,11307.9,Actual,239,47.31338912133891,Monday,0,8,August,3,2023,0
2023-08-15,11785.8,Actual,244,48.30245901639344,Tuesday,1,8,August,3,2023,0
2023-08-16,11495.0,Actual,238,48.29831932773109,Wednesday,2,8,August,3,2023,0
2023-08-17,11341.3,Actual,251,45.18446215139442,Thursday,3,8,August,3,2023,0
2023-08-18,10783.3,Actual,229,47.0886462882096,Friday,4,8,August,3,2023,0
2023-08-19,8994.7,Actual,193,46.604663212435234,Saturday,5,8,August,3,2023,1
2023-08-20,8536.0,Actual,186,45.89247311827957,Sunday,6,8,August,3,2023,1
2023-08-21,11717.2,Actual,251,46.682071713147415,Monday,0,8,August,3,2023,0
2023-08-22,12777.2,Actual,282,45.309219858156034,Tuesday,1,8,August,3,2023,0
2023-08-23,11153.8,Actual,253,44.086166007905135,Wednesday,2,8,August,3,2023,0
2023-08-24,12403.1,Actual,256,48.449609375,Thursday,3,8,August,3,2023,0
2023-08-25,11757.7,Actual,257,45.74980544747082,Friday,4,8,August,3,2023,0
2023-08-26,8810.0,Actual,188,46.861702127659576,Saturday,5,8,August,3,2023,1
2023-08-27,8430.2,Actual,182,46.31978021978022,Sunday,6,8,August,3,2023,1
2023-08-28,11809.1,Actual,258,45.77170542635659,Monday,0,8,August,3,2023,0
2023-08-29,12606.6,Actual,267,47.215730337078654,Tuesday,1,8,August,3,2023,0
2023-08-30,12782.4,Actual,267,47.87415730337079,Wednesday,2,8,August,3,2023,0
2023-08-31,13074.1,Actual,287,45.55435540069686,Thursday,3,8,August,3,2023,0
2023-09-01,11682.6,Actual,246,47.49024390243903,Friday,4,9,September,3,2023,0
2023-09-02,8698.1,Actual,188,46.26648936170213,Saturday,5,9,September,3,2023,1
2023-09-03,9212.6,Actual,188,49.0031914893617,Sunday,6,9,September,3,2023,1
2023-09-04,11614.6,Actual,252,46.08968253968254,Monday,0,9,September,3,2023,0
2023-09-05,13018.3,Actual,276,47.1677536231884,Tuesday,1,9,September,3,2023,0
2023-09-06,11638.6,Actual,247,47.119838056680166,Wednesday,2,9,September,3,2023,0
2023-09-07,12031.6,Actual,251,47.93466135458168,Thursday,3,9,September,3,2023,0
2023-09-08,12020.2,Actual,250,48.0808,Friday,4,9,September,3,2023,0
2023-09-09,8372.7,Actual,193,43.3818652849741,Saturday,5,9,September,3,2023,1
2023-09-10,8751.0,Actual,181,48.34806629834255,Sunday,6,9,September,3,2023,1
2023-09-11,11392.1,Actual,243,46.88106995884774,Monday,0,9,September,3,2023,0
2023-09-12,12686.4,Actual,271,46.813284132841325,Tuesday,1,9,September,3,2023,0
2023-09-13,12380.9,Actual,265,46.720377358490566,Wednesday,2,9,September,3,2023,0
2023-09-14,12148.9,Actual,254,47.83031496062992,Thursday,3,9,September,3,2023,0
2023-09-15,11495.3,Actual,256,44.903515625,Friday,4,9,September,3,2023,0
2023-09-16,9522.0,Actual,190,50.11578947368421,Saturday,5,9,September,3,2023,1
2023-09-17,8961.8,Actual,183,48.97158469945355,Sunday,6,9,September,3,2023,1
2023-09-18,12569.5,Actual,263,47.79277566539924,Monday,0,9,September,3,2023,0
2023-09-19,10301.4,Actual,233,44.21201716738197,Tuesday,1,9,September,3,2023,0
2023-09-20,10861.7,Actual,230,47.224782608695655,Wednesday,2,9,September,3,2023,0
2023-09-21,12388.2,Actual,261,47.46436781609196,Thursday,3,9,September,3,2023,0
2023-09-22,11564.4,Actual,248,46.630645161290325,Friday,4,9,September,3,2023,0
2023-09-23,8002.4,Actual,180,44.45777777777778,Saturday,5,9,September,3,2023,1
2023-09-24,10166.7,Actual,207,49.11449275362319,Sunday,6,9,September,3,2023,1
2023-09-25,12514.0,Actual,268,46.69402985074627,Monday,0,9,September,3,2023,0
2023-09-26,12223.3,Actual,248,49.2875,Tuesday,1,9,September,3,2023,0
2023-09-27,12732.5,Actual,271,46.98339483394834,Wednesday,2,9,September,3,2023,0
2023-09-28,12739.7,Actual,264,48.2564393939394,Thursday,3,9,September,3,2023,0
2023-09-29,11248.7,Actual,250,44.994800000000005,Friday,4,9,September,3,2023,0
2023-09-30,8264.0,Actual,180,45.91111111111111,Saturday,5,9,September,3,2023,1
2023-10-01,8768.2,Actual,189,46.3925925925926,Sunday,6,10,October,4,2023,1
2023-10-02,12284.8,Actual,259,47.43166023166023,Monday,0,10,October,4,2023,0
2023-10-03,11325.3,Actual,251,45.1207171314741,Tuesday,1,10,October,4,2023,0
2023-10-04,12162.2,Actual,256,47.50859375,Wednesday,2,10,October,4,2023,0
2023-10-05,10671.8,Actual,221,48.28868778280543,Thursday,3,10,October,4,2023,0
2023-10-06,10140.4,Actual,217,46.729953917050686,Friday,4,10,October,4,2023,0
2023-10-07,9119.2,Actual,193,47.24974093264249,Saturday,5,10,October,4,2023,1
2023-10-08,9185.2,Actual,191,48.09005235602095,Sunday,6,10,October,4,2023,1
2023-10-09,11823.1,Actual,255,46.36509803921569,Monday,0,10,October,4,2023,0
2023-10-10,12371.3,Actual,262,47.21870229007633,Tuesday,1,10,October,4,2023,0
2023-10-11,11859.5,Actual,259,45.78957528957529,Wednesday,2,10,October,4,2023,0
2023-10-12,10713.6,Actual,225,47.616,Thursday,3,10,October,4,2023,0
2023-10-13,11665.4,Actual,247,47.228340080971655,Friday,4,10,October,4,2023,0
2023-10-14,8757.3,Actual,190,46.09105263157895,Saturday,5,10,October,4,2023,1
2023-10-15,8254.0,Actual,177,46.63276836158192,Sunday,6,10,October,4,2023,1
2023-10-16,11650.6,Actual,245,47.5534693877551,Monday,0,10,October,4,2023,0
2023-10-17,11650.0,Actual,256,45.5078125,Tuesday,1,10,October,4,2023,0
2023-10-18,10510.3,Actual,225,46.71244444444444,Wednesday,2,10,October,4,2023,0
2023-10-19,12369.2,Actual,270,45.811851851851856,Thursday,3,10,October,4,2023,0
2023-10-20,12905.6,Actual,274,47.1007299270073,Friday,4,10,October,4,2023,0
2023-10-21,7967.7,Actual,168,47.426785714285714,Saturday,5,10,October,4,2023,1
2023-10-22,7863.1,Actual,175,44.932,Sunday,6,10,October,4,2023,1
2023-10-23,12302.1,Actual,261,47.13448275862069,Monday,0,10,October,4,2023,0
2023-10-24,13304.5,Actual,275,48.38,Tuesday,1,10,October,4,2023,0
2023-10-25,12959.5,Actual,267,48.5374531835206,Wednesday,2,10,October,4,2023,0
2023-10-26,12268.0,Actual,262,46.82442748091603,Thursday,3,10,October,4,2023,0
2023-10-27,11635.8,Actual,263,44.2425855513308,Friday,4,10,October,4,2023,0
2023-10-28,8385.4,Actual,178,47.10898876404495,Saturday,5,10,October,4,2023,1
2023-10-29,8922.4,Actual,188,47.4595744680851,Sunday,6,10,October,4,2023,1
2023-10-30,12894.6,Actual,271,47.58154981549816,Monday,0,10,October,4,2023,0
2023-10-31,11500.3,Actual,246,46.74918699186991,Tuesday,1,10,October,4,2023,0
2023-11-01,12739.8,Actual,269,47.35985130111524,Wednesday,2,11,November,4,2023,0
2023-11-02,12148.0,Actual,259,46.9034749034749,Thursday,3,11,November,4,2023,0
2023-11-03,11370.0,Actual,258,44.06976744186046,Friday,4,11,November,4,2023,0
2023-11-04,8960.6,Actual,199,45.02814070351759,Saturday,5,11,November,4,2023,1
2023-11-05,9351.4,Actual,196,47.71122448979592,Sunday,6,11,November,4,2023,1
2023-11-06,12759.2,Actual,272,46.90882352941177,Monday,0,11,November,4,2023,0
2023-11-07,11210.6,Actual,247,45.38704453441296,Tuesday,1,11,November,4,2023,0
2023-11-08,12144.9,Actual,260,46.71115384615384,Wednesday,2,11,November,4,2023,0
2023-11-09,12568.8,Actual,270,46.55111111111111,Thursday,3,11,November,4,2023,0
2023-11-10,11893.1,Actual,254,46.823228346456695,Friday,4,11,November,4,2023,0
2023-11-11,9881.5,Actual,207,47.73671497584541,Saturday,5,11,November,4,2023,1
2023-11-12,9292.3,Actual,184,50.501630434782605,Sunday,6,11,November,4,2023,1
2023-11-13,12607.9,Actual,263,47.93878326996197,Monday,0,11,November,4,2023,0
2023-11-14,11486.2,Actual,245,46.88244897959184,Tuesday,1,11,November,4,2023,0
2023-11-15,11432.2,Actual,236,48.44152542372882,Wednesday,2,11,November,4,2023,0
2023-11-16,12478.3,Actual,269,46.38773234200743,Thursday,3,11,November,4,2023,0
2023-11-17,11719.6,Actual,257,45.60155642023346,Friday,4,11,November,4,2023,0
2023-11-18,8801.1,Actual,188,46.81436170212766,Saturday,5,11,November,4,2023,1
2023-11-19,8881.6,Actual,186,47.7505376344086,Sunday,6,11,November,4,2023,1
2023-11-20,11128.6,Actual,245,45.42285714285715,Monday,0,11,November,4,2023,0
2023-11-21,11309.6,Actual,248,45.60322580645161,Tuesday,1,11,November,4,2023,0
2023-11-22,11353.0,Actual,242,46.913223140495866,Wednesday,2,11,November,4,2023,0
2023-11-23,11140.3,Actual,240,46.41791666666666,Thursday,3,11,November,4,2023,0
2023-11-24,12176.5,Actual,267,45.60486891385768,Friday,4,11,November,4,2023,0
2023-11-25,9750.4,Actual,203,48.03152709359605,Saturday,5,11,November,4,2023,1
2023-11-26,8812.8,Actual,186,47.38064516129032,Sunday,6,11,November,4,2023,1
2023-11-27,11891.8,Actual,253,47.00316205533596,Monday,0,11,November,4,2023,0
2023-11-28,11152.3,Actual,237,47.05611814345991,Tuesday,1,11,November,4,2023,0
2023-11-29,12129.8,Actual,254,47.75511811023622,Wednesday,2,11,November,4,2023,0
2023-11-30,12135.8,Actual,260,46.676153846153845,Thursday,3,11,November,4,2023,0
2023-12-01,12733.9,Actual,274,46.47408759124088,Friday,4,12,December,4,2023,0
2023-12-02,8400.6,Actual,194,43.3020618556701,Saturday,5,12,December,4,2023,1
2023-12-03,8274.3,Actual,181,45.71436464088397,Sunday,6,12,December,4,2023,1
2023-12-04,13057.1,Actual,276,47.30833333333334,Monday,0,12,December,4,2023,0
2023-12-05,12377.8,Actual,268,46.18582089552238,Tuesday,1,12,December,4,2023,0
2023-12-06,12853.7,Actual,267,48.141198501872665,Wednesday,2,12,December,4,2023,0
2023-12-07,12313.7,Actual,253,48.670750988142295,Thursday,3,12,December,4,2023,0
2023-12-08,11928.2,Actual,260,45.87769230769232,Friday,4,12,December,4,2023,0
2023-12-09,9453.8,Actual,197,47.98883248730965,Saturday,5,12,December,4,2023,1
2023-12-10,8909.8,Actual,189,47.14179894179894,Sunday,6,12,December,4,2023,1
2023-12-11,11209.7,Actual,241,46.51327800829876,Monday,0,12,December,4,2023,0
2023-12-12,13849.3,Actual,284,48.76514084507042,Tuesday,1,12,December,4,2023,0
2023-12-13,10895.6,Actual,232,46.96379310344828,Wednesday,2,12,December,4,2023,0
2023-12-14,12755.2,Actual,277,46.04765342960289,Thursday,3,12,December,4,2023,0
2023-12-15,12433.3,Actual,264,47.09583333333333,Friday,4,12,December,4,2023,0
2023-12-16,8721.3,Actual,186,46.88870967741935,Saturday,5,12,December,4,2023,1
2023-12-17,8609.0,Actual,178,48.36516853932584,Sunday,6,12,December,4,2023,1
2023-12-18,12219.6,Actual,264,46.28636363636364,Monday,0,12,December,4,2023,0
2023-12-19,11458.9,Actual,239,47.94518828451883,Tuesday,1,12,December,4,2023,0
2023-12-20,11676.2,Actual,242,48.24876033057851,Wednesday,2,12,December,4,2023,0
2023-12-21,10981.7,Actual,232,47.33491379310345,Thursday,3,12,December,4,2023,0
2023-12-22,11336.9,Actual,239,47.4347280334728,Friday,4,12,December,4,2023,0
2023-12-23,9462.3,Actual,197,48.03197969543147,Saturday,5,12,December,4,2023,1
2023-12-24,8757.8,Actual,184,47.59673913043478,Sunday,6,12,December,4,2023,1
2023-12-25,11993.6,Actual,253,47.40553359683795,Monday,0,12,December,4,2023,0
2023-12-26,11732.9,Actual,250,46.9316,Tuesday,1,12,December,4,2023,0
2023-12-27,12275.9,Actual,269,45.63531598513011,Wednesday,2,12,December,4,2023,0
2023-12-28,12776.0,Actual,279,45.7921146953405,Thursday,3,12,December,4,2023,0
2023-12-29,12407.0,Actual,258,48.08914728682171,Friday,4,12,December,4,2023,0
2023-12-30,7469.9,Actual,162,46.11049382716049,Saturday,5,12,December,4,2023,1
2023-12-31,8767.6,Actual,182,48.17362637362638,Sunday,6,12,December,4,2023,1
2024-01-01,23426.2,Actual,516,45.399612403100775,Monday,0,1,January,1,2024,0
2024-01-02,22810.4,Actual,491,46.45702647657841,Tuesday,1,1,January,1,2024,0
2024-01-03,23742.8,Actual,495,47.96525252525253,Wednesday,2,1,January,1,2024,0
2024-01-04,22586.9,Actual,500,45.1738,Thursday,3,1,January,1,2024,0
2024-01-05,21274.6,Actual,464,45.85043103448275,Friday,4,1,January,1,2024,0
2024-01-06,16775.7,Actual,354,47.38898305084746,Saturday,5,1,January,1,2024,1
2024-01-07,16240.9,Actual,352,46.138920454545456,Sunday,6,1,January,1,2024,1
2024-01-08,22472.1,Actual,502,44.765139442231074,Monday,0,1,January,1,2024,0
2024-01-09,23004.5,Actual,512,44.9306640625,Tuesday,1,1,January,1,2024,0
2024-01-10,22528.0,Actual,473,47.627906976744185,Wednesday,2,1,January,1,2024,0
2024-01-11,22274.4,Actual,471,47.291719745222935,Thursday,3,1,January,1,2024,0
2024-01-12,23826.8,Actual,519,45.90905587668593,Friday,4,1,January,1,2024,0
2024-01-13,17102.8,Actual,363,47.11515151515151,Saturday,5,1,January,1,2024,1
2024-01-14,17081.0,Actual,362,47.18508287292818,Sunday,6,1,January,1,2024,1
2024-01-15,22447.3,Actual,486,46.187860082304525,Monday,0,1,January,1,2024,0
2024-01-16,22613.0,Actual,502,45.04581673306773,Tuesday,1,1,January,1,2024,0
2024-01-17,22166.0,Actual,490,45.23673469387755,Wednesday,2,1,January,1,2024,0
2024-01-18,22270.6,Actual,487,45.73018480492813,Thursday,3,1,January,1,2024,0
2024-01-19,22174.2,Actual,483,45.90931677018634,Friday,4,1,January,1,2024,0
2024-01-20,17100.8,Actual,365,46.851506849315065,Saturday,5,1,January,1,2024,1
2024-01-21,16950.2,Actual,370,45.81135135135136,Sunday,6,1,January,1,2024,1
2024-01-22,22500.3,Actual,487,46.20184804928131,Monday,0,1,January,1,2024,0
2024-01-23,23329.9,Actual,500,46.6598,Tuesday,1,1,January,1,2024,0
2024-01-24,24297.3,Actual,515,47.17922330097088,Wednesday,2,1,January,1,2024,0
2024-01-25,23494.4,Actual,505,46.52356435643565,Thursday,3,1,January,1,2024,0
2024-01-26,22624.9,Actual,487,46.45770020533881,Friday,4,1,January,1,2024,0
2024-01-27,17137.6,Actual,376,45.578723404255314,Saturday,5,1,January,1,2024,1
2024-01-28,16077.8,Actual,342,47.01111111111111,Sunday,6,1,January,1,2024,1
2024-01-29,24339.8,Actual,519,46.89749518304431,Monday,0,1,January,1,2024,0
2024-01-30,23552.2,Actual,506,46.54584980237154,Tuesday,1,1,January,1,2024,0
2024-01-31,22855.3,Actual,501,45.61936127744511,Wednesday,2,1,January,1,2024,0
2024-02-01,22655.2,Actual,490,46.23510204081633,Thursday,3,2,February,1,2024,0
2024-02-02,23962.7,Actual,524,45.73034351145039,Friday,4,2,February,1,2024,0
2024-02-03,16857.8,Actual,363,46.44022038567493,Saturday,5,2,February,1,2024,1
2024-02-04,16587.8,Actual,356,46.59494382022472,Sunday,6,2,February,1,2024,1
2024-02-05,22393.2,Actual,488,45.88770491803279,Monday,0,2,February,1,2024,0
2024-02-06,23731.8,Actual,506,46.90079051383399,Tuesday,1,2,February,1,2024,0
2024-02-07,25297.0,Actual,541,46.75970425138632,Wednesday,2,2,February,1,2024,0
2024-02-08,23639.4,Actual,511,46.26105675146771,Thursday,3,2,February,1,2024,0
2024-02-09,22796.9,Actual,495,46.05434343434344,Friday,4,2,February,1,2024,0
2024-02-10,16773.7,Actual,365,45.95534246575343,Saturday,5,2,February,1,2024,1
2024-02-11,16682.2,Actual,363,45.9564738292011,Sunday,6,2,February,1,2024,1
2024-02-12,21913.9,Actual,468,46.82457264957265,Monday,0,2,February,1,2024,0
2024-02-13,23169.1,Actual,496,46.71189516129032,Tuesday,1,2,February,1,2024,0
2024-02-14,22786.0,Actual,490,46.50204081632653,Wednesday,2,2,February,1,2024,0
2024-02-15,24672.9,Actual,521,47.35681381957774,Thursday,3,2,February,1,2024,0
2024-02-16,24215.8,Actual,520,46.56884615384615,Friday,4,2,February,1,2024,0
2024-02-17,16028.4,Actual,343,46.73002915451895,Saturday,5,2,February,1,2024,1
2024-02-18,16041.6,Actual,352,45.57272727272727,Sunday,6,2,February,1,2024,1
2024-02-19,22260.5,Actual,485,45.8979381443299,Monday,0,2,February,1,2024,0
2024-02-20,23362.3,Actual,503,46.44592445328032,Tuesday,1,2,February,1,2024,0
2024-02-21,23074.9,Actual,494,46.71032388663968,Wednesday,2,2,February,1,2024,0
2024-02-22,23493.3,Actual,501,46.89281437125749,Thursday,3,2,February,1,2024,0
2024-02-23,23775.8,Actual,505,47.08079207920792,Friday,4,2,February,1,2024,0
2024-02-24,17059.3,Actual,369,46.23116531165312,Saturday,5,2,February,1,2024,1
2024-02-25,16766.0,Actual,361,46.443213296398895,Sunday,6,2,February,1,2024,1
2024-02-26,23720.2,Actual,512,46.328515625,Monday,0,2,February,1,2024,0
2024-02-27,22372.4,Actual,487,45.93921971252567,Tuesday,1,2,February,1,2024,0
2024-02-28,22063.1,Actual,476,46.35105042016807,Wednesday,2,2,February,1,2024,0
2024-02-29,24308.8,Actual,519,46.83776493256262,Thursday,3,2,February,1,2024,0
2024-03-01,23202.1,Actual,495,46.87292929292929,Friday,4,3,March,1,2024,0
2024-03-02,15786.3,Actual,343,46.02419825072886,Saturday,5,3,March,1,2024,1
2024-03-03,16307.7,Actual,350,46.593428571428575,Sunday,6,3,March,1,2024,1
2024-03-04,21461.2,Actual,463,46.3524838012959,Monday,0,3,March,1,2024,0
2024-03-05,21709.8,Actual,471,46.09299363057325,Tuesday,1,3,March,1,2024,0
2024-03-06,23107.1,Actual,498,46.39979919678714,Wednesday,2,3,March,1,2024,0
2024-03-07,23259.9,Actual,504,46.15059523809524,Thursday,3,3,March,1,2024,0
2024-03-08,22377.9,Actual,488,45.8563524590164,Friday,4,3,March,1,2024,0
2024-03-09,16862.0,Actual,360,46.83888888888889,Saturday,5,3,March,1,2024,1
2024-03-10,15913.4,Actual,350,45.46685714285714,Sunday,6,3,March,1,2024,1
2024-03-11,22586.1,Actual,489,46.188343558282206,Monday,0,3,March,1,2024,0
2024-03-12,24380.5,Actual,528,46.17518939393939,Tuesday,1,3,March,1,2024,0
2024-03-13,22762.4,Actual,488,46.64426229508197,Wednesday,2,3,March,1,2024,0
2024-03-14,22570.4,Actual,473,47.717547568710366,Thursday,3,3,March,1,2024,0
2024-03-15,22424.4,Actual,486,46.140740740740746,Friday,4,3,March,1,2024,0
2024-03-16,15081.5,Actual,328,45.98018292682927,Saturday,5,3,March,1,2024,1
2024-03-17,15472.6,Actual,344,44.97848837209303,Sunday,6,3,March,1,2024,1
2024-03-18,22606.6,Actual,488,46.325,Monday,0,3,March,1,2024,0
2024-03-19,22723.0,Actual,489,46.46830265848671,Tuesday,1,3,March,1,2024,0
2024-03-20,23387.2,Actual,500,46.7744,Wednesday,2,3,March,1,2024,0
2024-03-21,23061.5,Actual,501,46.03093812375249,Thursday,3,3,March,1,2024,0
2024-03-22,23921.5,Actual,519,46.09152215799615,Friday,4,3,March,1,2024,0
2024-03-23,15726.5,Actual,345,45.584057971014495,Saturday,5,3,March,1,2024,1
2024-03-24,17535.7,Actual,375,46.76186666666667,Sunday,6,3,March,1,2024,1
2024-03-25,21050.0,Actual,467,45.07494646680942,Monday,0,3,March,1,2024,0
2024-03-26,22462.2,Actual,487,46.12361396303901,Tuesday,1,3,March,1,2024,0
2024-03-27,22837.3,Actual,493,46.32312373225152,Wednesday,2,3,March,1,2024,0
2024-03-28,24410.7,Actual,519,47.03410404624277,Thursday,3,3,March,1,2024,0
2024-03-29,22795.9,Actual,504,45.22996031746032,Friday,4,3,March,1,2024,0
2024-03-30,17147.8,Actual,376,45.60585106382978,Saturday,5,3,March,1,2024,1
2024-03-31,16846.5,Actual,359,46.92618384401114,Sunday,6,3,March,1,2024,1
2024-04-01,22145.9,Actual,483,45.85072463768116,Monday,0,4,April,2,2024,0
2024-04-02,22627.2,Actual,481,47.04199584199584,Tuesday,1,4,April,2,2024,0
2024-04-03,22160.8,Actual,483,45.881573498964805,Wednesday,2,4,April,2,2024,0
2024-04-04,22699.1,Actual,488,46.51454918032787,Thursday,3,4,April,2,2024,0
2024-04-05,22572.6,Actual,492,45.87926829268292,Friday,4,4,April,2,2024,0
2024-04-06,16407.2,Actual,345,47.557101449275365,Saturday,5,4,April,2,2024,1
2024-04-07,16364.9,Actual,353,46.35949008498584,Sunday,6,4,April,2,2024,1
2024-04-08,22843.4,Actual,494,46.2417004048583,Monday,0,4,April,2,2024,0
2024-04-09,23091.9,Actual,489,47.22269938650307,Tuesday,1,4,April,2,2024,0
2024-04-10,22437.4,Actual,490,45.79061224489797,Wednesday,2,4,April,2,2024,0
2024-04-11,24239.2,Actual,514,47.1579766536965,Thursday,3,4,April,2,2024,0
2024-04-12,23070.0,Actual,491,46.9857433808554,Friday,4,4,April,2,2024,0
2024-04-13,15571.7,Actual,337,46.20682492581603,Saturday,5,4,April,2,2024,1
2024-04-14,16616.8,Actual,350,47.47657142857143,Sunday,6,4,April,2,2024,1
2024-04-15,23032.7,Actual,491,46.909775967413445,Monday,0,4,April,2,2024,0
2024-04-16,22784.6,Actual,505,45.1180198019802,Tuesday,1,4,April,2,2024,0
2024-04-17,20493.1,Actual,450,45.54022222222222,Wednesday,2,4,April,2,2024,0
2024-04-18,23319.5,Actual,501,46.54590818363273,Thursday,3,4,April,2,2024,0
2024-04-19,24372.0,Actual,536,45.47014925373134,Friday,4,4,April,2,2024,0
2024-04-20,17033.1,Actual,374,45.54304812834224,Saturday,5,4,April,2,2024,1
2024-04-21,15220.5,Actual,333,45.707207207207205,Sunday,6,4,April,2,2024,1
2024-04-22,22202.4,Actual,484,45.87272727272728,Monday,0,4,April,2,2024,0
2024-04-23,24324.8,Actual,519,46.86859344894027,Tuesday,1,4,April,2,2024,0
2024-04-24,23163.4,Actual,502,46.14223107569721,Wednesday,2,4,April,2,2024,0
2024-04-25,23330.5,Actual,505,46.1990099009901,Thursday,3,4,April,2,2024,0
2024-04-26,22780.6,Actual,479,47.55866388308976,Friday,4,4,April,2,2024,0
2024-04-27,17070.3,Actual,376,45.39973404255319,Saturday,5,4,April,2,2024,1
2024-04-28,17296.4,Actual,370,46.74702702702703,Sunday,6,4,April,2,2024,1
2024-04-29,21848.8,Actual,482,45.32946058091286,Monday,0,4,April,2,2024,0
2024-04-30,22915.6,Actual,504,45.46746031746032,Tuesday,1,4,April,2,2024,0
2024-05-01,22690.9,Actual,497,45.65573440643863,Wednesday,2,5,May,2,2024,0
2024-05-02,23794.1,Actual,505,47.11702970297029,Thursday,3,5,May,2,2024,0
2024-05-03,22885.4,Actual,485,47.18639175257732,Friday,4,5,May,2,2024,0
2024-05-04,16850.4,Actual,362,46.54806629834255,Saturday,5,5,May,2,2024,1
2024-05-05,16034.6,Actual,349,45.944412607449856,Sunday,6,5,May,2,2024,1
2024-05-06,22962.8,Actual,504,45.56111111111111,Monday,0,5,May,2,2024,0
2024-05-07,22045.9,Actual,479,46.02484342379959,Tuesday,1,5,May,2,2024,0
2024-05-08,24421.7,Actual,513,47.6056530214425,Wednesday,2,5,May,2,2024,0
2024-05-09,24152.3,Actual,515,46.89766990291262,Thursday,3,5,May,2,2024,0
2024-05-10,21684.2,Actual,471,46.03864118895966,Friday,4,5,May,2,2024,0
2024-05-11,17173.4,Actual,373,46.041286863270784,Saturday,5,5,May,2,2024,1
2024-05-12,17090.1,Actual,370,46.18945945945946,Sunday,6,5,May,2,2024,1
2024-05-13,23923.4,Actual,505,47.373069306930695,Monday,0,5,May,2,2024,0
2024-05-14,20646.6,Actual,441,46.81768707482993,Tuesday,1,5,May,2,2024,0
2024-05-15,23977.1,Actual,514,46.64805447470817,Wednesday,2,5,May,2,2024,0
2024-05-16,23004.2,Actual,492,46.75650406504065,Thursday,3,5,May,2,2024,0
2024-05-17,23051.6,Actual,494,46.66315789473684,Friday,4,5,May,2,2024,0
2024-05-18,17157.7,Actual,382,44.91544502617801,Saturday,5,5,May,2,2024,1
2024-05-19,17654.5,Actual,380,46.459210526315786,Sunday,6,5,May,2,2024,1
2024-05-20,23268.5,Actual,508,45.80413385826772,Monday,0,5,May,2,2024,0
2024-05-21,23738.7,Actual,516,46.00523255813954,Tuesday,1,5,May,2,2024,0
2024-05-22,22733.4,Actual,493,46.11237322515213,Wednesday,2,5,May,2,2024,0
2024-05-23,22096.8,Actual,487,45.37330595482546,Thursday,3,5,May,2,2024,0
2024-05-24,23255.8,Actual,510,45.59960784313726,Friday,4,5,May,2,2024,0
2024-05-25,17397.1,Actual,368,47.27472826086956,Saturday,5,5,May,2,2024,1
2024-05-26,17489.1,Actual,376,46.51356382978723,Sunday,6,5,May,2,2024,1
2024-05-27,22495.2,Actual,488,46.09672131147541,Monday,0,5,May,2,2024,0
2024-05-28,22991.0,Actual,483,47.60041407867495,Tuesday,1,5,May,2,2024,0
2024-05-29,23567.2,Actual,518,45.4965250965251,Wednesday,2,5,May,2,2024,0
2024-05-30,21432.2,Actual,466,45.99184549356223,Thursday,3,5,May,2,2024,0
2024-05-31,21858.8,Actual,461,47.41605206073753,Friday,4,5,May,2,2024,0
2024-06-01,16956.1,Actual,364,46.58269230769231,Saturday,5,6,June,2,2024,1
2024-06-02,17750.2,Actual,372,47.715591397849465,Sunday,6,6,June,2,2024,1
2024-06-03,23801.8,Actual,519,45.860886319845854,Monday,0,6,June,2,2024,0
2024-06-04,22485.1,Actual,484,46.45681818181818,Tuesday,1,6,June,2,2024,0
2024-06-05,24651.4,Actual,529,46.6,Wednesday,2,6,June,2,2024,0
2024-06-06,23188.5,Actual,499,46.46993987975952,Thursday,3,6,June,2,2024,0
2024-06-07,25543.1,Actual,549,46.52659380692168,Friday,4,6,June,2,2024,0
2024-06-08,16869.3,Actual,360,46.85916666666667,Saturday,5,6,June,2,2024,1
2024-06-09,16391.4,Actual,351,46.6991452991453,Sunday,6,6,June,2,2024,1
2024-06-10,23307.8,Actual,508,45.88149606299213,Monday,0,6,June,2,2024,0
2024-06-11,21391.1,Actual,466,45.903648068669526,Tuesday,1,6,June,2,2024,0
2024-06-12,22866.8,Actual,502,45.55139442231076,Wednesday,2,6,June,2,2024,0
2024-06-13,23453.9,Actual,500,46.9078,Thursday,3,6,June,2,2024,0
2024-06-14,22923.4,Actual,490,46.78244897959184,Friday,4,6,June,2,2024,0
2024-06-15,17887.5,Actual,379,47.196569920844325,Saturday,5,6,June,2,2024,1
2024-06-16,17673.6,Actual,368,48.02608695652174,Sunday,6,6,June,2,2024,1
2024-06-17,22375.5,Actual,474,47.20569620253165,Monday,0,6,June,2,2024,0
2024-06-18,23072.7,Actual,487,47.37720739219713,Tuesday,1,6,June,2,2024,0
2024-06-19,21733.5,Actual,480,45.278125,Wednesday,2,6,June,2,2024,0
2024-06-20,24090.3,Actual,508,47.42185039370079,Thursday,3,6,June,2,2024,0
2024-06-21,23902.3,Actual,501,47.70918163672655,Friday,4,6,June,2,2024,0
2024-06-22,17093.1,Actual,372,45.94919354838709,Saturday,5,6,June,2,2024,1
2024-06-23,16852.9,Actual,369,45.671815718157184,Sunday,6,6,June,2,2024,1
2024-06-24,24151.3,Actual,509,47.44852652259332,Monday,0,6,June,2,2024,0
2024-06-25,22582.0,Actual,487,46.369609856262834,Tuesday,1,6,June,2,2024,0
2024-06-26,21568.1,Actual,471,45.79214437367303,Wednesday,2,6,June,2,2024,0
2024-06-27,21792.9,Actual,487,44.74928131416838,Thursday,3,6,June,2,2024,0
2024-06-28,22574.2,Actual,483,46.737474120082815,Friday,4,6,June,2,2024,0
2024-06-29,17411.6,Actual,377,46.18461538461538,Saturday,5,6,June,2,2024,1
2024-06-30,17089.0,Actual,361,47.33795013850416,Sunday,6,6,June,2,2024,1
2024-07-01,23195.4,Actual,490,47.33755102040816,Monday,0,7,July,3,2024,0
2024-07-02,21642.9,Actual,462,46.8461038961039,Tuesday,1,7,July,3,2024,0
2024-07-03,23593.4,Actual,511,46.17103718199609,Wednesday,2,7,July,3,2024,0
2024-07-04,22917.0,Actual,487,47.05749486652977,Thursday,3,7,July,3,2024,0
2024-07-05,22785.0,Actual,505,45.11881188118812,Friday,4,7,July,3,2024,0
2024-07-06,17343.2,Actual,374,46.37219251336899,Saturday,5,7,July,3,2024,1
2024-07-07,17468.2,Actual,369,47.33929539295393,Sunday,6,7,July,3,2024,1
2024-07-08,23314.7,Actual,496,47.0054435483871,Monday,0,7,July,3,2024,0
2024-07-09,21256.0,Actual,479,44.37578288100209,Tuesday,1,7,July,3,2024,0
2024-07-10,23888.3,Actual,508,47.0242125984252,Wednesday,2,7,July,3,2024,0
2024-07-11,21990.2,Actual,480,45.812916666666666,Thursday,3,7,July,3,2024,0
2024-07-12,24291.0,Actual,525,46.26857142857143,Friday,4,7,July,3,2024,0
2024-07-13,16706.4,Actual,360,46.40666666666667,Saturday,5,7,July,3,2024,1
2024-07-14,16703.8,Actual,366,45.63879781420765,Sunday,6,7,July,3,2024,1
2024-07-15,22419.3,Actual,483,46.416770186335405,Monday,0,7,July,3,2024,0
2024-07-16,22077.5,Actual,477,46.28406708595388,Tuesday,1,7,July,3,2024,0
2024-07-17,21472.6,Actual,468,45.88162393162393,Wednesday,2,7,July,3,2024,0
2024-07-18,21480.7,Actual,480,44.75145833333333,Thursday,3,7,July,3,2024,0
2024-07-19,21749.7,Actual,467,46.57323340471092,Friday,4,7,July,3,2024,0
2024-07-20,16494.7,Actual,351,46.993447293447296,Saturday,5,7,July,3,2024,1
2024-07-21,16680.2,Actual,360,46.33388888888889,Sunday,6,7,July,3,2024,1
2024-07-22,23927.7,Actual,514,46.55194552529183,Monday,0,7,July,3,2024,0
2024-07-23,23933.4,Actual,501,47.77125748502994,Tuesday,1,7,July,3,2024,0
2024-07-24,22691.3,Actual,493,46.026977687626776,Wednesday,2,7,July,3,2024,0
2024-07-25,23249.4,Actual,503,46.22147117296223,Thursday,3,7,July,3,2024,0
2024-07-26,20871.2,Actual,461,45.27375271149675,Friday,4,7,July,3,2024,0
2024-07-27,17511.1,Actual,381,45.96089238845144,Saturday,5,7,July,3,2024,1
2024-07-28,17780.4,Actual,373,47.668632707774805,Sunday,6,7,July,3,2024,1
2024-07-29,23230.6,Actual,502,46.27609561752988,Monday,0,7,July,3,2024,0
2024-07-30,21984.4,Actual,475,46.282947368421056,Tuesday,1,7,July,3,2024,0
2024-07-31,23187.7,Actual,508,45.64507874015748,Wednesday,2,7,July,3,2024,0
2024-08-01,22894.6,Actual,500,45.7892,Thursday,3,8,August,3,2024,0
2024-08-02,24092.3,Actual,520,46.33134615384616,Friday,4,8,August,3,2024,0
2024-08-03,16834.0,Actual,365,46.12054794520548,Saturday,5,8,August,3,2024,1
2024-08-04,17453.6,Actual,379,46.05171503957784,Sunday,6,8,August,3,2024,1
2024-08-05,22731.2,Actual,482,47.16016597510374,Monday,0,8,August,3,2024,0
2024-08-06,22108.8,Actual,482,45.86887966804979,Tuesday,1,8,August,3,2024,0
2024-08-07,21767.2,Actual,462,47.11515151515152,Wednesday,2,8,August,3,2024,0
2024-08-08,23709.1,Actual,501,47.32355289421157,Thursday,3,8,August,3,2024,0
2024-08-09,22532.3,Actual,498,45.24558232931727,Friday,4,8,August,3,2024,0
2024-08-10,15210.8,Actual,331,45.95407854984894,Saturday,5,8,August,3,2024,1
2024-08-11,16546.6,Actual,364,45.45769230769231,Sunday,6,8,August,3,2024,1
2024-08-12,22703.2,Actual,508,44.69133858267717,Monday,0,8,August,3,2024,0
2024-08-13,22992.7,Actual,493,46.63833671399595,Tuesday,1,8,August,3,2024,0
2024-08-14,23104.6,Actual,499,46.30180360721442,Wednesday,2,8,August,3,2024,0
2024-08-15,22403.5,Actual,495,45.25959595959596,Thursday,3,8,August,3,2024,0
2024-08-16,21709.5,Actual,471,46.09235668789809,Friday,4,8,August,3,2024,0
2024-08-17,16442.8,Actual,348,47.24942528735632,Saturday,5,8,August,3,2024,1
2024-08-18,17599.0,Actual,366,48.08469945355191,Sunday,6,8,August,3,2024,1
2024-08-19,23132.9,Actual,502,46.08147410358566,Monday,0,8,August,3,2024,0
2024-08-20,22735.8,Actual,489,46.49447852760736,Tuesday,1,8,August,3,2024,0
2024-08-21,22906.5,Actual,490,46.74795918367347,Wednesday,2,8,August,3,2024,0
2024-08-22,22772.3,Actual,486,46.85658436213992,Thursday,3,8,August,3,2024,0
2024-08-23,23048.7,Actual,494,46.65728744939271,Friday,4,8,August,3,2024,0
2024-08-24,16288.1,Actual,347,46.93976945244957,Saturday,5,8,August,3,2024,1
2024-08-25,16438.3,Actual,352,46.699715909090905,Sunday,6,8,August,3,2024,1
2024-08-26,24503.9,Actual,514,47.672957198443584,Monday,0,8,August,3,2024,0
2024-08-27,22413.8,Actual,491,45.649287169042765,Tuesday,1,8,August,3,2024,0
2024-08-28,22639.1,Actual,490,46.20224489795918,Wednesday,2,8,August,3,2024,0
2024-08-29,21402.9,Actual,466,45.92896995708155,Thursday,3,8,August,3,2024,0
2024-08-30,22552.2,Actual,492,45.83780487804878,Friday,4,8,August,3,2024,0
2024-08-31,15876.1,Actual,360,44.10027777777778,Saturday,5,8,August,3,2024,1
2024-09-01,15457.7,Actual,329,46.9838905775076,Sunday,6,9,September,3,2024,1
2024-09-02,23332.2,Actual,502,46.47848605577689,Monday,0,9,September,3,2024,0
2024-09-03,25307.6,Actual,526,48.11330798479087,Tuesday,1,9,September,3,2024,0
2024-09-04,21808.4,Actual,459,47.512854030501096,Wednesday,2,9,September,3,2024,0
2024-09-05,21950.1,Actual,473,46.4061310782241,Thursday,3,9,September,3,2024,0
2024-09-06,22871.4,Actual,487,46.96386036960986,Friday,4,9,September,3,2024,0
2024-09-07,17723.1,Actual,372,47.64274193548387,Saturday,5,9,September,3,2024,1
2024-09-08,17466.5,Actual,376,46.453457446808514,Sunday,6,9,September,3,2024,1
2024-09-09,22628.5,Actual,488,46.36987704918032,Monday,0,9,September,3,2024,0
2024-09-10,22846.6,Actual,504,45.33055555555556,Tuesday,1,9,September,3,2024,0
2024-09-11,21847.3,Actual,469,46.58272921108742,Wednesday,2,9,September,3,2024,0
2024-09-12,24008.8,Actual,502,47.82629482071713,Thursday,3,9,September,3,2024,0
2024-09-13,23613.3,Actual,495,47.70363636363636,Friday,4,9,September,3,2024,0
2024-09-14,16820.5,Actual,369,45.5840108401084,Saturday,5,9,September,3,2024,1
2024-09-15,17091.6,Actual,363,47.08429752066115,Sunday,6,9,September,3,2024,1
2024-09-16,21116.0,Actual,459,46.00435729847494,Monday,0,9,September,3,2024,0
2024-09-17,23412.9,Actual,504,46.45416666666667,Tuesday,1,9,September,3,2024,0
2024-09-18,21750.9,Actual,469,46.3771855010661,Wednesday,2,9,September,3,2024,0
2024-09-19,21793.0,Actual,477,45.68763102725367,Thursday,3,9,September,3,2024,0
2024-09-20,23469.5,Actual,500,46.939,Friday,4,9,September,3,2024,0
2024-09-21,16293.3,Actual,355,45.89661971830986,Saturday,5,9,September,3,2024,1
2024-09-22,16533.3,Actual,347,47.646397694524495,Sunday,6,9,September,3,2024,1
2024-09-23,22801.1,Actual,494,46.15607287449392,Monday,0,9,September,3,2024,0
2024-09-24,22995.1,Actual,494,46.54878542510121,Tuesday,1,9,September,3,2024,0
2024-09-25,23270.6,Actual,500,46.5412,Wednesday,2,9,September,3,2024,0
2024-09-26,22895.8,Actual,503,45.51848906560636,Thursday,3,9,September,3,2024,0
2024-09-27,23726.1,Actual,512,46.3400390625,Friday,4,9,September,3,2024,0
2024-09-28,16551.9,Actual,350,47.29114285714286,Saturday,5,9,September,3,2024,1
2024-09-29,17170.6,Actual,375,45.788266666666665,Sunday,6,9,September,3,2024,1
2024-09-30,21303.6,Actual,478,44.56820083682008,Monday,0,9,September,3,2024,0
2024-10-01,25668.7,Actual,560,45.83696428571429,Tuesday,1,10,October,4,2024,0
2024-10-02,23491.4,Actual,511,45.971428571428575,Wednesday,2,10,October,4,2024,0
2024-10-03,21220.4,Actual,470,45.14978723404256,Thursday,3,10,October,4,2024,0
2024-10-04,23590.9,Actual,498,47.37128514056225,Friday,4,10,October,4,2024,0
2024-10-05,16640.2,Actual,366,45.46502732240437,Saturday,5,10,October,4,2024,1
2024-10-06,15796.8,Actual,346,45.655491329479766,Sunday,6,10,October,4,2024,1
2024-10-07,22704.1,Actual,491,46.24052953156823,Monday,0,10,October,4,2024,0
2024-10-08,22774.6,Actual,497,45.82414486921529,Tuesday,1,10,October,4,2024,0
2024-10-09,22690.9,Actual,493,46.02616632860041,Wednesday,2,10,October,4,2024,0
2024-10-10,24694.1,Actual,540,45.72981481481481,Thursday,3,10,October,4,2024,0
2024-10-11,22716.4,Actual,486,46.74156378600824,Friday,4,10,October,4,2024,0
2024-10-12,16432.6,Actual,355,46.28901408450704,Saturday,5,10,October,4,2024,1
2024-10-13,17950.6,Actual,382,46.991099476439786,Sunday,6,10,October,4,2024,1
2024-10-14,22825.9,Actual,503,45.379522862823066,Monday,0,10,October,4,2024,0
2024-10-15,22092.2,Actual,478,46.217991631799165,Tuesday,1,10,October,4,2024,0
2024-10-16,24508.5,Actual,512,47.8681640625,Wednesday,2,10,October,4,2024,0
2024-10-17,24407.1,Actual,528,46.225568181818176,Thursday,3,10,October,4,2024,0
2024-10-18,22122.0,Actual,481,45.99168399168399,Friday,4,10,October,4,2024,0
2024-10-19,17356.6,Actual,370,46.909729729729726,Saturday,5,10,October,4,2024,1
2024-10-20,16747.3,Actual,361,46.39141274238227,Sunday,6,10,October,4,2024,1
2024-10-21,20914.2,Actual,458,45.66419213973799,Monday,0,10,October,4,2024,0
2024-10-22,21891.8,Actual,472,46.38093220338983,Tuesday,1,10,October,4,2024,0
2024-10-23,23819.0,Actual,500,47.638,Wednesday,2,10,October,4,2024,0
2024-10-24,22821.7,Actual,498,45.82670682730924,Thursday,3,10,October,4,2024,0
2024-10-25,24430.7,Actual,522,46.80210727969349,Friday,4,10,October,4,2024,0
2024-10-26,15611.9,Actual,349,44.73323782234957,Saturday,5,10,October,4,2024,1
2024-10-27,15736.1,Actual,344,45.744476744186045,Sunday,6,10,October,4,2024,1
2024-10-28,23545.4,Actual,500,47.0908,Monday,0,10,October,4,2024,0
2024-10-29,22027.3,Actual,491,44.86211812627291,Tuesday,1,10,October,4,2024,0
2024-10-30,24916.0,Actual,540,46.14074074074074,Wednesday,2,10,October,4,2024,0
2024-10-31,21155.7,Actual,452,46.80464601769911,Thursday,3,10,October,4,2024,0
2024-11-01,23158.5,Actual,514,45.05544747081712,Friday,4,11,November,4,2024,0
2024-11-02,17329.8,Actual,372,46.58548387096774,Saturday,5,11,November,4,2024,1
2024-11-03,17520.7,Actual,377,46.47400530503979,Sunday,6,11,November,4,2024,1
2024-11-04,22487.2,Actual,487,46.17494866529774,Monday,0,11,November,4,2024,0
2024-11-05,22765.5,Actual,494,46.08400809716599,Tuesday,1,11,November,4,2024,0
2024-11-06,21937.2,Actual,476,46.08655462184874,Wednesday,2,11,November,4,2024,0
2024-11-07,23988.0,Actual,535,44.837383177570096,Thursday,3,11,November,4,2024,0
2024-11-08,23320.9,Actual,511,45.63776908023484,Friday,4,11,November,4,2024,0
2024-11-09,16768.8,Actual,364,46.06813186813186,Saturday,5,11,November,4,2024,1
2024-11-10,16090.4,Actual,357,45.07114845938375,Sunday,6,11,November,4,2024,1
2024-11-11,21678.6,Actual,472,45.92923728813559,Monday,0,11,November,4,2024,0
2024-11-12,22755.4,Actual,492,46.25081300813009,Tuesday,1,11,November,4,2024,0
2024-11-13,23919.6,Actual,511,46.80939334637964,Wednesday,2,11,November,4,2024,0
2024-11-14,21221.7,Actual,447,47.4758389261745,Thursday,3,11,November,4,2024,0
2024-11-15,23812.7,Actual,516,46.14864341085271,Friday,4,11,November,4,2024,0
2024-11-16,16913.7,Actual,364,46.46620879120879,Saturday,5,11,November,4,2024,1
2024-11-17,17466.6,Actual,374,46.70213903743315,Sunday,6,11,November,4,2024,1
2024-11-18,23214.1,Actual,501,46.335528942115765,Monday,0,11,November,4,2024,0
2024-11-19,21558.9,Actual,478,45.10230125523013,Tuesday,1,11,November,4,2024,0
2024-11-20,23433.5,Actual,497,47.14989939637827,Wednesday,2,11,November,4,2024,0
2024-11-21,22821.3,Actual,499,45.73406813627254,Thursday,3,11,November,4,2024,0
2024-11-22,21763.5,Actual,476,45.721638655462186,Friday,4,11,November,4,2024,0
2024-11-23,16025.1,Actual,347,46.18184438040346,Saturday,5,11,November,4,2024,1
2024-11-24,17233.9,Actual,372,46.32768817204301,Sunday,6,11,November,4,2024,1
2024-11-25,21753.4,Actual,460,47.290000000000006,Monday,0,11,November,4,2024,0
2024-11-26,23696.7,Actual,513,46.19239766081871,Tuesday,1,11,November,4,2024,0
2024-11-27,23310.6,Actual,508,45.887007874015744,Wednesday,2,11,November,4,2024,0
2024-11-28,21066.3,Actual,459,45.896078431372544,Thursday,3,11,November,4,2024,0
2024-11-29,24038.6,Actual,520,46.22807692307692,Friday,4,11,November,4,2024,0
2024-11-30,18258.5,Actual,388,47.05798969072165,Saturday,5,11,November,4,2024,1
2024-12-01,15309.6,Actual,332,46.1132530120482,Sunday,6,12,December,4,2024,1
2024-12-02,21100.0,Actual,469,44.98933901918976,Monday,0,12,December,4,2024,0
2024-12-03,22268.6,Actual,484,46.0095041322314,Tuesday,1,12,December,4,2024,0
2024-12-04,22812.9,Actual,478,47.72573221757322,Wednesday,2,12,December,4,2024,0
2024-12-05,22992.8,Actual,491,46.8285132382892,Thursday,3,12,December,4,2024,0
2024-12-06,23638.7,Actual,506,46.71679841897233,Friday,4,12,December,4,2024,0
2024-12-07,17359.9,Actual,373,46.541286863270784,Saturday,5,12,December,4,2024,1
2024-12-08,16525.0,Actual,361,45.77562326869806,Sunday,6,12,December,4,2024,1
2024-12-09,23838.7,Actual,520,45.84365384615385,Monday,0,12,December,4,2024,0
2024-12-10,25580.0,Actual,543,47.10865561694291,Tuesday,1,12,December,4,2024,0
2024-12-11,23164.4,Actual,484,47.8603305785124,Wednesday,2,12,December,4,2024,0
2024-12-12,22165.7,Actual,490,45.23612244897959,Thursday,3,12,December,4,2024,0
2024-12-13,22073.2,Actual,475,46.46989473684211,Friday,4,12,December,4,2024,0
2024-12-14,17077.8,Actual,370,46.156216216216215,Saturday,5,12,December,4,2024,1
2024-12-15,16321.5,Actual,352,46.36789772727273,Sunday,6,12,December,4,2024,1
2024-12-16,22719.6,Actual,498,45.62168674698795,Monday,0,12,December,4,2024,0
2024-12-17,24408.6,Actual,529,46.14102079395085,Tuesday,1,12,December,4,2024,0
2024-12-18,23535.3,Actual,513,45.87777777777777,Wednesday,2,12,December,4,2024,0
2024-12-19,23021.7,Actual,497,46.321327967806845,Thursday,3,12,December,4,2024,0
2024-12-20,23774.1,Actual,514,46.253112840466926,Friday,4,12,December,4,2024,0
2024-12-21,16894.4,Actual,360,46.92888888888889,Saturday,5,12,December,4,2024,1
2024-12-22,16880.9,Actual,366,46.12267759562842,Sunday,6,12,December,4,2024,1
2024-12-23,23081.4,Actual,491,47.00896130346232,Monday,0,12,December,4,2024,0
2024-12-24,24009.6,Actual,528,45.47272727272727,Tuesday,1,12,December,4,2024,0
2024-12-25,22600.2,Actual,495,45.656969696969696,Wednesday,2,12,December,4,2024,0
2024-12-26,22254.9,Actual,474,46.95126582278481,Thursday,3,12,December,4,2024,0
2024-12-27,22772.2,Actual,495,46.004444444444445,Friday,4,12,December,4,2024,0
2024-12-28,17716.9,Actual,371,47.7544474393531,Saturday,5,12,December,4,2024,1
2024-12-29,17021.1,Actual,369,46.12764227642276,Sunday,6,12,December,4,2024,1
2024-12-30,22151.2,Actual,496,44.65967741935484,Monday,0,12,December,4,2024,0
2024-12-31,24560.6,Actual,525,46.78209523809524,Tuesday,1,12,December,4,2024,0
2025-01-01,25036.342135880644,Forecast,,,Wednesday,2,1,January,1,2025,0
2025-01-02,25187.59529656801,Forecast,,,Thursday,3,1,January,1,2025,0
2025-01-03,24776.523506083515,Forecast,,,Friday,4,1,January,1,2025,0
2025-01-04,23305.13299001308,Forecast,,,Saturday,5,1,January,1,2025,1
2025-01-05,23292.045070988537,Forecast,,,Sunday,6,1,January,1,2025,1
2025-01-06,25108.6498094347,Forecast,,,Monday,0,1,January,1,2025,0
2025-01-07,24923.571060942388,Forecast,,,Tuesday,1,1,January,1,2025,0
2025-01-08,25209.48681928601,Forecast,,,Wednesday,2,1,January,1,2025,0
2025-01-09,25099.039784660887,Forecast,,,Thursday,3,1,January,1,2025,0
2025-01-10,25345.96726175451,Forecast,,,Friday,4,1,January,1,2025,0
2025-01-11,23011.16144722216,Forecast,,,Saturday,5,1,January,1,2025,1
2025-01-12,22855.39060583434,Forecast,,,Sunday,6,1,January,1,2025,1
2025-01-13,24879.61639225413,Forecast,,,Monday,0,1,January,1,2025,0
2025-01-14,25072.065231652443,Forecast,,,Tuesday,1,1,January,1,2025,0
2025-01-15,25036.49881226169,Forecast,,,Wednesday,2,1,January,1,2025,0
2025-01-16,25039.986714160004,Forecast,,,Thursday,3,1,January,1,2025,0
2025-01-17,25065.61926937863,Forecast,,,Friday,4,1,January,1,2025,0
2025-01-18,23035.16430018319,Forecast,,,Saturday,5,1,January,1,2025,1
2025-01-19,22975.764476251425,Forecast,,,Sunday,6,1,January,1,2025,1
2025-01-20,24980.57540671419,Forecast,,,Monday,0,1,January,1,2025,0
2025-01-21,25309.120193378127,Forecast,,,Tuesday,1,1,January,1,2025,0
2025-01-22,25166.56317340144,Forecast,,,Wednesday,2,1,January,1,2025,0
2025-01-23,25696.769947370063,Forecast,,,Thursday,3,1,January,1,2025,0
2025-01-24,25348.837561182438,Forecast,,,Friday,4,1,January,1,2025,0
2025-01-25,23140.18230512176,Forecast,,,Saturday,5,1,January,1,2025,1
2025-01-26,23022.647257801324,Forecast,,,Sunday,6,1,January,1,2025,1
2025-01-27,25305.63280984612,Forecast,,,Monday,0,1,January,1,2025,0
2025-01-28,25429.10215705693,Forecast,,,Tuesday,1,1,January,1,2025,0
2025-01-29,25267.66317907243,Forecast,,,Wednesday,2,1,January,1,2025,0
2025-01-30,25741.348834876997,Forecast,,,Thursday,3,1,January,1,2025,0
2025-01-31,25494.432073689368,Forecast,,,Friday,4,1,January,1,2025,0
2025-02-01,23330.0869372576,Forecast,,,Saturday,5,2,February,1,2025,1
2025-02-02,23273.101694624664,Forecast,,,Sunday,6,2,February,1,2025,1
2025-02-03,25370.717556728054,Forecast,,,Monday,0,2,February,1,2025,0
2025-02-04,25478.0798482748,Forecast,,,Tuesday,1,2,February,1,2025,0
2025-02-05,25518.3801281028,Forecast,,,Wednesday,2,2,February,1,2025,0
2025-02-06,25842.0778688683,Forecast,,,Thursday,3,2,February,1,2025,0
2025-02-07,25687.46860279786,Forecast,,,Friday,4,2,February,1,2025,0
2025-02-08,23367.04109942273,Forecast,,,Saturday,5,2,February,1,2025,1
2025-02-09,23373.905649270266,Forecast,,,Sunday,6,2,February,1,2025,1
2025-02-10,25553.20403700842,Forecast,,,Monday,0,2,February,1,2025,0
2025-02-11,25682.66471722705,Forecast,,,Tuesday,1,2,February,1,2025,0
2025-02-12,25570.907379867545,Forecast,,,Wednesday,2,2,February,1,2025,0
2025-02-13,26004.365252468982,Forecast,,,Thursday,3,2,February,1,2025,0
2025-02-14,25492.69714850792,Forecast,,,Friday,4,2,February,1,2025,0
2025-02-15,23649.021232046853,Forecast,,,Saturday,5,2,February,1,2025,1
2025-02-16,23550.20173038071,Forecast,,,Sunday,6,2,February,1,2025,1
2025-02-17,25728.0041159216,Forecast,,,Monday,0,2,February,1,2025,0
2025-02-18,25758.33833129648,Forecast,,,Tuesday,1,2,February,1,2025,0
2025-02-19,25723.03167753073,Forecast,,,Wednesday,2,2,February,1,2025,0
2025-02-20,26132.778856772788,Forecast,,,Thursday,3,2,February,1,2025,0
2025-02-21,25821.247471561725,Forecast,,,Friday,4,2,February,1,2025,0
2025-02-22,23763.32631584285,Forecast,,,Saturday,5,2,February,1,2025,1
2025-02-23,23723.11817281929,Forecast,,,Sunday,6,2,February,1,2025,1
2025-02-24,25912.476924326973,Forecast,,,Monday,0,2,February,1,2025,0
2025-02-25,25992.79148638153,Forecast,,,Tuesday,1,2,February,1,2025,0
2025-02-26,25699.34750351422,Forecast,,,Wednesday,2,2,February,1,2025,0
2025-02-27,26370.345781389093,Forecast,,,Thursday,3,2,February,1,2025,0
2025-02-28,25878.253238951467,Forecast,,,Friday,4,2,February,1,2025,0
2025-03-01,23773.337881572435,Forecast,,,Saturday,5,3,March,1,2025,1
2025-03-02,23810.40601418364,Forecast,,,Sunday,6,3,March,1,2025,1
2025-03-03,25935.46389288859,Forecast,,,Monday,0,3,March,1,2025,0
2025-03-04,25866.474744005653,Forecast,,,Tuesday,1,3,March,1,2025,0
2025-03-05,25905.829833403965,Forecast,,,Wednesday,2,3,March,1,2025,0
2025-03-06,26247.69737397415,Forecast,,,Thursday,3,3,March,1,2025,0
2025-03-07,26013.21823485684,Forecast,,,Friday,4,3,March,1,2025,0
2025-03-08,24028.52599149148,Forecast,,,Saturday,5,3,March,1,2025,1
2025-03-09,23869.164680743303,Forecast,,,Sunday,6,3,March,1,2025,1
2025-03-10,26037.209894653333,Forecast,,,Monday,0,3,March,1,2025,0
2025-03-11,26161.73307487196,Forecast,,,Tuesday,1,3,March,1,2025,0
2025-03-12,25956.01345723902,Forecast,,,Wednesday,2,3,March,1,2025,0
2025-03-13,26519.40809741858,Forecast,,,Thursday,3,3,March,1,2025,0
2025-03-14,26113.291507129397,Forecast,,,Friday,4,3,March,1,2025,0
2025-03-15,24016.41084823669,Forecast,,,Saturday,5,3,March,1,2025,1
2025-03-16,23940.554511853752,Forecast,,,Sunday,6,3,March,1,2025,1
2025-03-17,26003.551965754017,Forecast,,,Monday,0,3,March,1,2025,0
2025-03-18,26060.52778269139,Forecast,,,Tuesday,1,3,March,1,2025,0
2025-03-19,26028.90081642564,Forecast,,,Wednesday,2,3,March,1,2025,0
2025-03-20,26410.29948492552,Forecast,,,Thursday,3,3,March,1,2025,0
2025-03-21,26224.447665144136,Forecast,,,Friday,4,3,March,1,2025,0
2025-03-22,24162.14275088034,Forecast,,,Saturday,5,3,March,1,2025,1
2025-03-23,23980.95838105013,Forecast,,,Sunday,6,3,March,1,2025,1
2025-03-24,26414.533074940635,Forecast,,,Monday,0,3,March,1,2025,0
2025-03-25,26365.837261018634,Forecast,,,Tuesday,1,3,March,1,2025,0
2025-03-26,26203.52450373726,Forecast,,,Wednesday,2,3,March,1,2025,0
2025-03-27,26423.429641963696,Forecast,,,Thursday,3,3,March,1,2025,0
2025-03-28,26418.44256827607,Forecast,,,Friday,4,3,March,1,2025,0
2025-03-29,24354.626545613835,Forecast,,,Saturday,5,3,March,1,2025,1
2025-03-30,24344.57630053949,Forecast,,,Sunday,6,3,March,1,2025,1
2025-03-31,26184.68471635382,Forecast,,,Monday,0,3,March,1,2025,0
2025-04-01,26266.284434658377,Forecast,,,Tuesday,1,4,April,2,2025,0
2025-04-02,26214.77819593169,Forecast,,,Wednesday,2,4,April,2,2025,0
2025-04-03,26891.582748220622,Forecast,,,Thursday,3,4,April,2,2025,0
2025-04-04,26381.835176486125,Forecast,,,Friday,4,4,April,2,2025,0
2025-04-05,24610.12065528873,Forecast,,,Saturday,5,4,April,2,2025,1
2025-04-06,24245.696661435093,Forecast,,,Sunday,6,4,April,2,2025,1
2025-04-07,26487.545220071686,Forecast,,,Monday,0,4,April,2,2025,0
2025-04-08,26499.14969911844,Forecast,,,Tuesday,1,4,April,2,2025,0
2025-04-09,26280.280179141748,Forecast,,,Wednesday,2,4,April,2,2025,0
2025-04-10,26622.265395493185,Forecast,,,Thursday,3,4,April,2,2025,0
2025-04-11,26643.50012356337,Forecast,,,Friday,4,4,April,2,2025,0
2025-04-12,24749.29663447047,Forecast,,,Saturday,5,4,April,2,2025,1
2025-04-13,24640.550268180305,Forecast,,,Sunday,6,4,April,2,2025,1
2025-04-14,26569.283165195804,Forecast,,,Monday,0,4,April,2,2025,0
2025-04-15,26552.03669209412,Forecast,,,Tuesday,1,4,April,2,2025,0
2025-04-16,26486.110897703365,Forecast,,,Wednesday,2,4,April,2,2025,0
2025-04-17,26781.213423625115,Forecast,,,Thursday,3,4,April,2,2025,0
2025-04-18,26592.08426009374,Forecast,,,Friday,4,4,April,2,2025,0
2025-04-19,25004.93315442369,Forecast,,,Saturday,5,4,April,2,2025,1
2025-04-20,24428.23462443724,Forecast,,,Sunday,6,4,April,2,2025,1
2025-04-21,26660.21666696055,Forecast,,,Monday,0,4,April,2,2025,0
2025-04-22,26645.075906749487,Forecast,,,Tuesday,1,4,April,2,2025,0
2025-04-23,26713.653286186855,Forecast,,,Wednesday,2,4,April,2,2025,0
2025-04-24,26901.23054355392,Forecast,,,Thursday,3,4,April,2,2025,0
2025-04-25,26874.14666810848,Forecast,,,Friday,4,4,April,2,2025,0
2025-04-26,24891.40635955757,Forecast,,,Saturday,5,4,April,2,2025,1
2025-04-27,24959.609105205887,Forecast,,,Sunday,6,4,April,2,2025,1
2025-04-28,26763.124778100293,Forecast,,,Monday,0,4,April,2,2025,0
2025-04-29,26763.018441717355,Forecast,,,Tuesday,1,4,April,2,2025,0
2025-04-30,26754.617061389104,Forecast,,,Wednesday,2,4,April,2,2025,0
2025-05-01,27049.381818756166,Forecast,,,Thursday,3,5,May,2,2025,0
2025-05-02,26939.57809467792,Forecast,,,Friday,4,5,May,2,2025,0
2025-05-03,25324.65421907989,Forecast,,,Saturday,5,5,May,2,2025,1
2025-05-04,24638.95746292766,Forecast,,,Sunday,6,5,May,2,2025,1
2025-05-05,26950.740286700973,Forecast,,,Monday,0,5,May,2,2025,0
2025-05-06,26921.35587414616,Forecast,,,Tuesday,1,5,May,2,2025,0
2025-05-07,26971.301539716347,Forecast,,,Wednesday,2,5,May,2,2025,0
2025-05-08,27055.93604805997,Forecast,,,Thursday,3,5,May,2,2025,0
2025-05-09,27049.234985114534,Forecast,,,Friday,4,5,May,2,2025,0
2025-05-10,25125.600511524564,Forecast,,,Saturday,5,5,May,2,2025,1
2025-05-11,25297.393482392603,Forecast,,,Sunday,6,5,May,2,2025,1
2025-05-12,27083.927938856345,Forecast,,,Monday,0,5,May,2,2025,0
2025-05-13,27030.076851496844,Forecast,,,Tuesday,1,5,May,2,2025,0
2025-05-14,27037.883478981094,Forecast,,,Wednesday,2,5,May,2,2025,0
2025-05-15,27214.728436543464,Forecast,,,Thursday,3,5,May,2,2025,0
2025-05-16,27184.2077935199,Forecast,,,Friday,4,5,May,2,2025,0
2025-05-17,25519.384057539795,Forecast,,,Saturday,5,5,May,2,2025,1
2025-05-18,24958.5329625509,Forecast,,,Sunday,6,5,May,2,2025,1
2025-05-19,27189.20189472265,Forecast,,,Monday,0,5,May,2,2025,0
2025-05-20,27169.04514330065,Forecast,,,Tuesday,1,5,May,2,2025,0
2025-05-21,27227.86361160521,Forecast,,,Wednesday,2,5,May,2,2025,0
2025-05-22,27280.532299636336,Forecast,,,Thursday,3,5,May,2,2025,0
2025-05-23,27334.93975719871,Forecast,,,Friday,4,5,May,2,2025,0
2025-05-24,25684.762536111182,Forecast,,,Saturday,5,5,May,2,2025,1
2025-05-25,25396.88391426682,Forecast,,,Sunday,6,5,May,2,2025,1
2025-05-26,27444.112935549896,Forecast,,,Monday,0,5,May,2,2025,0
2025-05-27,27317.01612065133,Forecast,,,Tuesday,1,5,May,2,2025,0
2025-05-28,27323.567132901204,Forecast,,,Wednesday,2,5,May,2,2025,0
2025-05-29,27397.49497620577,Forecast,,,Thursday,3,5,May,2,2025,0
2025-05-30,27425.619840994703,Forecast,,,Friday,4,5,May,2,2025,0
2025-05-31,25547.897446262155,Forecast,,,Saturday,5,5,May,2,2025,1
2025-06-01,25215.211916763983,Forecast,,,Sunday,6,6,June,2,2025,1
2025-06-02,27403.894825986517,Forecast,,,Monday,0,6,June,2,2025,0
2025-06-03,27456.992957377013,Forecast,,,Tuesday,1,6,June,2,2025,0
2025-06-04,27496.832787986263,Forecast,,,Wednesday,2,6,June,2,2025,0
2025-06-05,27853.623302189266,Forecast,,,Thursday,3,6,June,2,2025,0
2025-06-06,27551.34985154851,Forecast,,,Friday,4,6,June,2,2025,0
2025-06-07,25831.46276870561,Forecast,,,Saturday,5,6,June,2,2025,1
2025-06-08,25577.70035016935,Forecast,,,Sunday,6,6,June,2,2025,1
2025-06-09,27510.01717052469,Forecast,,,Monday,0,6,June,2,2025,0
2025-06-10,27492.51788980582,Forecast,,,Tuesday,1,6,June,2,2025,0
2025-06-11,27504.13958076663,Forecast,,,Wednesday,2,6,June,2,2025,0
2025-06-12,27800.405558836817,Forecast,,,Thursday,3,6,June,2,2025,0
2025-06-13,27919.89748905544,Forecast,,,Friday,4,6,June,2,2025,0
2025-06-14,25856.558089928363,Forecast,,,Saturday,5,6,June,2,2025,1
2025-06-15,25230.54474060597,Forecast,,,Sunday,6,6,June,2,2025,1
2025-06-16,27673.031971117565,Forecast,,,Monday,0,6,June,2,2025,0
2025-06-17,27650.49875485181,Forecast,,,Tuesday,1,6,June,2,2025,0
2025-06-18,27717.567223156373,Forecast,,,Wednesday,2,6,June,2,2025,0
2025-06-19,27838.771921929685,Forecast,,,Thursday,3,6,June,2,2025,0
2025-06-20,27905.216733007685,Forecast,,,Friday,4,6,June,2,2025,0
2025-06-21,25732.817733050528,Forecast,,,Saturday,5,6,June,2,2025,1
2025-06-22,25482.282929870715,Forecast,,,Sunday,6,6,June,2,2025,1
2025-06-23,27619.563861554183,Forecast,,,Monday,0,6,June,2,2025,0
2025-06-24,27725.18652907749,Forecast,,,Tuesday,1,6,June,2,2025,0
2025-06-25,27829.658805975807,Forecast,,,Wednesday,2,6,June,2,2025,0
2025-06-26,27998.58921275693,Forecast,,,Thursday,3,6,June,2,2025,0
2025-06-27,28070.853603913056,Forecast,,,Friday,4,6,June,2,2025,0
2025-06-28,26197.01483039633,Forecast,,,Saturday,5,6,June,2,2025,1
2025-06-29,25202.937195795614,Forecast,,,Sunday,6,6,June,2,2025,1
2025-06-30,27757.871386756426,Forecast,,,Monday,0,6,June,2,2025,0
2025-07-01,27922.659947834425,Forecast,,,Tuesday,1,7,July,3,2025,0
2025-07-02,27948.997214967112,Forecast,,,Wednesday,2,7,July,3,2025,0
2025-07-03,28165.70716276386,Forecast,,,Thursday,3,7,July,3,2025,0
2025-07-04,28101.73815548249,Forecast,,,Friday,4,7,July,3,2025,0
2025-07-05,25868.208052009704,Forecast,,,Saturday,5,7,July,3,2025,1
2025-07-06,25220.026581349422,Forecast,,,Sunday,6,7,July,3,2025,1
2025-07-07,27910.069659028984,Forecast,,,Monday,0,7,July,3,2025,0
2025-07-08,28083.772770888238,Forecast,,,Tuesday,1,7,July,3,2025,0
2025-07-09,28050.15105364592,Forecast,,,Wednesday,2,7,July,3,2025,0
2025-07-10,28256.085000466104,Forecast,,,Thursday,3,7,July,3,2025,0
2025-07-11,28292.239284200357,Forecast,,,Friday,4,7,July,3,2025,0
2025-07-12,26379.485853090853,Forecast,,,Saturday,5,7,July,3,2025,1
2025-07-13,25295.20397959854,Forecast,,,Sunday,6,7,July,3,2025,1
2025-07-14,28087.610582668727,Forecast,,,Monday,0,7,July,3,2025,0
2025-07-15,28120.614964059227,Forecast,,,Tuesday,1,7,July,3,2025,0
2025-07-16,28154.688559316917,Forecast,,,Wednesday,2,7,July,3,2025,0
2025-07-17,28400.76264285585,Forecast,,,Thursday,3,7,July,3,2025,0
2025-07-18,28365.334651199475,Forecast,,,Friday,4,7,July,3,2025,0
2025-07-19,25995.3050970431,Forecast,,,Saturday,5,7,July,3,2025,1
2025-07-20,24882.56399503516,Forecast,,,Sunday,6,7,July,3,2025,1
2025-07-21,28153.561052206907,Forecast,,,Monday,0,7,July,3,2025,0
2025-07-22,28452.81689844116,Forecast,,,Tuesday,1,7,July,3,2025,0
2025-07-23,28389.52733451916,Forecast,,,Wednesday,2,7,July,3,2025,0
2025-07-24,28511.788429776843,Forecast,,,Thursday,3,7,July,3,2025,0
2025-07-25,28253.28780628453,Forecast,,,Friday,4,7,July,3,2025,0
2025-07-26,26328.72675798753,Forecast,,,Saturday,5,7,July,3,2025,1
2025-07-27,24937.726500706154,Forecast,,,Sunday,6,7,July,3,2025,1
2025-07-28,28342.63591139353,Forecast,,,Monday,0,7,July,3,2025,0
2025-07-29,28450.14383282309,Forecast,,,Tuesday,1,7,July,3,2025,0
2025-07-30,28477.40004526828,Forecast,,,Wednesday,2,7,July,3,2025,0
2025-07-31,28589.62195595565,Forecast,,,Thursday,3,7,July,3,2025,0
2025-08-01,28594.01757269771,Forecast,,,Friday,4,8,August,3,2025,0
2025-08-02,26104.62235692024,Forecast,,,Saturday,5,8,August,3,2025,1
2025-08-03,24765.172941924026,Forecast,,,Sunday,6,8,August,3,2025,1
2025-08-04,28380.973954173896,Forecast,,,Monday,0,8,August,3,2025,0
2025-08-05,28533.528140251896,Forecast,,,Tuesday,1,8,August,3,2025,0
2025-08-06,28553.418385900208,Forecast,,,Wednesday,2,8,August,3,2025,0
2025-08-07,28523.127357134457,Forecast,,,Thursday,3,8,August,3,2025,0
2025-08-08,28707.03615747027,Forecast,,,Friday,4,8,August,3,2025,0
2025-08-09,26364.02259452483,Forecast,,,Saturday,5,8,August,3,2025,1
2025-08-10,24964.684934899706,Forecast,,,Sunday,6,8,August,3,2025,1
2025-08-11,28425.362534063643,Forecast,,,Monday,0,8,August,3,2025,0
2025-08-12,28742.17978166508,Forecast,,,Tuesday,1,8,August,3,2025,0
2025-08-13,28665.889729461825,Forecast,,,Wednesday,2,8,August,3,2025,0
2025-08-14,28648.963324719512,Forecast,,,Thursday,3,8,August,3,2025,0
2025-08-15,28965.44951763345,Forecast,,,Friday,4,8,August,3,2025,0
2025-08-16,26204.34269296926,Forecast,,,Saturday,5,8,August,3,2025,1
2025-08-17,25069.68374428164,Forecast,,,Sunday,6,8,August,3,2025,1
2025-08-18,28627.21351629713,Forecast,,,Monday,0,8,August,3,2025,0
2025-08-19,28805.518068586072,Forecast,,,Tuesday,1,8,August,3,2025,0
2025-08-20,28814.34459353126,Forecast,,,Wednesday,2,8,August,3,2025,0
2025-08-21,28926.347388007696,Forecast,,,Thursday,3,8,August,3,2025,0
2025-08-22,29067.8849725232,Forecast,,,Friday,4,8,August,3,2025,0
2025-08-23,26238.960032624636,Forecast,,,Saturday,5,8,August,3,2025,1
2025-08-24,25148.17425288232,Forecast,,,Sunday,6,8,August,3,2025,1
2025-08-25,28816.63517724157,Forecast,,,Monday,0,8,August,3,2025,0
2025-08-26,28946.926301796128,Forecast,,,Tuesday,1,8,August,3,2025,0
2025-08-27,29007.678607991314,Forecast,,,Wednesday,2,8,August,3,2025,0
2025-08-28,29213.357305788064,Forecast,,,Thursday,3,8,August,3,2025,0
2025-08-29,29051.81554460044,Forecast,,,Friday,4,8,August,3,2025,0
2025-08-30,26236.73411056125,Forecast,,,Saturday,5,8,August,3,2025,1
2025-08-31,25082.23360913925,Forecast,,,Sunday,6,8,August,3,2025,1
2025-09-01,28765.997878225066,Forecast,,,Monday,0,9,September,3,2025,0
2025-09-02,29015.424378756183,Forecast,,,Tuesday,1,9,September,3,2025,0
2025-09-03,29006.189380263877,Forecast,,,Wednesday,2,9,September,3,2025,0
2025-09-04,29159.09268743562,Forecast,,,Thursday,3,9,September,3,2025,0
2025-09-05,29280.735496560494,Forecast,,,Friday,4,9,September,3,2025,0
2025-09-06,26206.245249044743,Forecast,,,Saturday,5,9,September,3,2025,1
2025-09-07,25022.841061099305,Forecast,,,Sunday,6,9,September,3,2025,1
2025-09-08,28760.921614364805,Forecast,,,Monday,0,9,September,3,2025,0
2025-09-09,29121.18417446624,Forecast,,,Tuesday,1,9,September,3,2025,0
2025-09-10,29174.57966913799,Forecast,,,Wednesday,2,9,September,3,2025,0
2025-09-11,29251.793156973803,Forecast,,,Thursday,3,9,September,3,2025,0
2025-09-12,29465.33220633305,Forecast,,,Friday,4,9,September,3,2025,0
2025-09-13,26138.23490315324,Forecast,,,Saturday,5,9,September,3,2025,1
2025-09-14,24985.79397204374,Forecast,,,Sunday,6,9,September,3,2025,1
2025-09-15,28987.610365152985,Forecast,,,Monday,0,9,September,3,2025,0
2025-09-16,29275.35815474661,Forecast,,,Tuesday,1,9,September,3,2025,0
2025-09-17,29372.46898144961,Forecast,,,Wednesday,2,9,September,3,2025,0
2025-09-18,29497.04819194167,Forecast,,,Thursday,3,9,September,3,2025,0
2025-09-19,29678.978232511858,Forecast,,,Friday,4,9,September,3,2025,0
2025-09-20,26124.259469371107,Forecast,,,Saturday,5,9,September,3,2025,1
2025-09-21,24776.82647283192,Forecast,,,Sunday,6,9,September,3,2025,1
2025-09-22,29075.467756077887,Forecast,,,Monday,0,9,September,3,2025,0
2025-09-23,29519.291168230106,Forecast,,,Tuesday,1,9,September,3,2025,0
2025-09-24,29491.693376769043,Forecast,,,Wednesday,2,9,September,3,2025,0
2025-09-25,29559.78125425329,Forecast,,,Thursday,3,9,September,3,2025,0
2025-09-26,29748.7134920891,Forecast,,,Friday,4,9,September,3,2025,0
2025-09-27,26148.721657659287,Forecast,,,Saturday,5,9,September,3,2025,1
2025-09-28,24965.764491198224,Forecast,,,Sunday,6,9,September,3,2025,1
2025-09-29,29029.54072317466,Forecast,,,Monday,0,9,September,3,2025,0
2025-09-30,29458.21453815891,Forecast,,,Tuesday,1,9,September,3,2025,0
2025-10-01,29626.83268908066,Forecast,,,Wednesday,2,10,October,4,2025,0
2025-10-02,29637.1313819946,Forecast,,,Thursday,3,10,October,4,2025,0
2025-10-03,29728.05251143197,Forecast,,,Friday,4,10,October,4,2025,0
2025-10-04,26224.69507641622,Forecast,,,Saturday,5,10,October,4,2025,1
2025-10-05,24927.602900189533,Forecast,,,Sunday,6,10,October,4,2025,1
2025-10-06,29118.103619470658,Forecast,,,Monday,0,10,October,4,2025,0
2025-10-07,29279.088408576,Forecast,,,Tuesday,1,10,October,4,2025,0
2025-10-08,29634.08638127509,Forecast,,,Wednesday,2,10,October,4,2025,0
2025-10-09,29659.28656344684,Forecast,,,Thursday,3,10,October,4,2025,0
2025-10-10,29569.586477063905,Forecast,,,Friday,4,10,October,4,2025,0
2025-10-11,26148.09549712628,Forecast,,,Saturday,5,10,October,4,2025,1
2025-10-12,25006.656397071463,Forecast,,,Sunday,6,10,October,4,2025,1
2025-10-13,29110.242077290088,Forecast,,,Monday,0,10,October,4,2025,0
2025-10-14,29362.01922479387,Forecast,,,Tuesday,1,10,October,4,2025,0
2025-10-15,29714.34532249296,Forecast,,,Wednesday,2,10,October,4,2025,0
2025-10-16,29739.163424586583,Forecast,,,Thursday,3,10,October,4,2025,0
2025-10-17,29665.357869453648,Forecast,,,Friday,4,10,October,4,2025,0
2025-10-18,26282.27179674258,Forecast,,,Saturday,5,10,October,4,2025,1
2025-10-19,24830.339776765893,Forecast,,,Sunday,6,10,October,4,2025,1
2025-10-20,29050.547130568502,Forecast,,,Monday,0,10,October,4,2025,0
2025-10-21,29479.73281689064,Forecast,,,Tuesday,1,10,October,4,2025,0
2025-10-22,29796.79420511708,Forecast,,,Wednesday,2,10,October,4,2025,0
2025-10-23,29706.628420491958,Forecast,,,Thursday,3,10,October,4,2025,0
2025-10-24,29626.994130007453,Forecast,,,Friday,4,10,October,4,2025,0
2025-10-25,26313.033789718265,Forecast,,,Saturday,5,10,October,4,2025,1
2025-10-26,24885.29024630408,Forecast,,,Sunday,6,10,October,4,2025,1
2025-10-27,29432.47175171801,Forecast,,,Monday,0,10,October,4,2025,0
2025-10-28,29565.493528128045,Forecast,,,Tuesday,1,10,October,4,2025,0
2025-10-29,29879.82817074901,Forecast,,,Wednesday,2,10,October,4,2025,0
2025-10-30,29785.4027425692,Forecast,,,Thursday,3,10,October,4,2025,0
2025-10-31,29755.11702386204,Forecast,,,Friday,4,10,October,4,2025,0
2025-11-01,26355.455938943946,Forecast,,,Saturday,5,11,November,4,2025,1
2025-11-02,24886.11449513913,Forecast,,,Sunday,6,11,November,4,2025,1
2025-11-03,29105.10937030405,Forecast,,,Monday,0,11,November,4,2025,0
2025-11-04,29730.33163194357,Forecast,,,Tuesday,1,11,November,4,2025,0
2025-11-05,29851.803054349693,Forecast,,,Wednesday,2,11,November,4,2025,0
2025-11-06,29588.436097849568,Forecast,,,Thursday,3,11,November,4,2025,0
2025-11-07,29636.83922191585,Forecast,,,Friday,4,11,November,4,2025,0
2025-11-08,26200.73013895088,Forecast,,,Saturday,5,11,November,4,2025,1
2025-11-09,24494.18996467732,Forecast,,,Sunday,6,11,November,4,2025,1
2025-11-10,29045.369951841734,Forecast,,,Monday,0,11,November,4,2025,0
2025-11-11,29350.38399967511,Forecast,,,Tuesday,1,11,November,4,2025,0
2025-11-12,29692.836043419124,Forecast,,,Wednesday,2,11,November,4,2025,0
2025-11-13,29459.20675781744,Forecast,,,Thursday,3,11,November,4,2025,0
2025-11-14,29549.98952055559,Forecast,,,Friday,4,11,November,4,2025,0
2025-11-15,26165.365422942185,Forecast,,,Saturday,5,11,November,4,2025,1
2025-11-16,24505.54741663737,Forecast,,,Sunday,6,11,November,4,2025,1
2025-11-17,29621.03983513725,Forecast,,,Monday,0,11,November,4,2025,0
2025-11-18,30001.20559348087,Forecast,,,Tuesday,1,11,November,4,2025,0
2025-11-19,29728.71681080887,Forecast,,,Wednesday,2,11,November,4,2025,0
2025-11-20,30016.573670226717,Forecast,,,Thursday,3,11,November,4,2025,0
2025-11-21,29875.919238140646,Forecast,,,Friday,4,11,November,4,2025,0
2025-11-22,25933.968236230365,Forecast,,,Saturday,5,11,November,4,2025,1
2025-11-23,24480.564536566177,Forecast,,,Sunday,6,11,November,4,2025,1
2025-11-24,29421.27395030531,Forecast,,,Monday,0,11,November,4,2025,0
2025-11-25,29815.608821808117,Forecast,,,Tuesday,1,11,November,4,2025,0
2025-11-26,30140.724043042363,Forecast,,,Wednesday,2,11,November,4,2025,0
2025-11-27,29363.646892908204,Forecast,,,Thursday,3,11,November,4,2025,0
2025-11-28,29717.22386417297,Forecast,,,Friday,4,11,November,4,2025,0
2025-11-29,26261.3742721748,Forecast,,,Saturday,5,11,November,4,2025,1
2025-11-30,24332.614371338736,Forecast,,,Sunday,6,11,November,4,2025,1
2025-12-01,29419.63960195714,Forecast,,,Monday,0,12,December,4,2025,0
2025-12-02,29616.031871302348,Forecast,,,Tuesday,1,12,December,4,2025,0
2025-12-03,29817.49061365476,Forecast,,,Wednesday,2,12,December,4,2025,0
2025-12-04,29746.679168629245,Forecast,,,Thursday,3,12,December,4,2025,0
2025-12-05,29760.821519990448,Forecast,,,Friday,4,12,December,4,2025,0
2025-12-06,26064.389438978604,Forecast,,,Saturday,5,12,December,4,2025,1
2025-12-07,24374.79946001754,Forecast,,,Sunday,6,12,December,4,2025,1
2025-12-08,29839.243508156087,Forecast,,,Monday,0,12,December,4,2025,0
2025-12-09,30604.215815571977,Forecast,,,Tuesday,1,12,December,4,2025,0
2025-12-10,29886.62101483357,Forecast,,,Wednesday,2,12,December,4,2025,0
2025-12-11,30216.64755198579,Forecast,,,Thursday,3,12,December,4,2025,0
2025-12-12,29929.09788674543,Forecast,,,Friday,4,12,December,4,2025,0
2025-12-13,25830.14337531366,Forecast,,,Saturday,5,12,December,4,2025,1
2025-12-14,23714.8483182276,Forecast,,,Sunday,6,12,December,4,2025,1
2025-12-15,29860.37833438372,Forecast,,,Monday,0,12,December,4,2025,0
2025-12-16,29725.349436355275,Forecast,,,Tuesday,1,12,December,4,2025,0
2025-12-17,30514.60548095378,Forecast,,,Wednesday,2,12,December,4,2025,0
2025-12-18,29545.719191567918,Forecast,,,Thursday,3,12,December,4,2025,0
2025-12-19,30066.60157893986,Forecast,,,Friday,4,12,December,4,2025,0
2025-12-20,26052.025485476843,Forecast,,,Saturday,5,12,December,4,2025,1
2025-12-21,24113.49873893765,Forecast,,,Sunday,6,12,December,4,2025,1
2025-12-22,29904.18211355325,Forecast,,,Monday,0,12,December,4,2025,0
2025-12-23,30275.74468433584,Forecast,,,Tuesday,1,12,December,4,2025,0
2025-12-24,30025.242885916767,Forecast,,,Wednesday,2,12,December,4,2025,0
2025-12-25,30092.33770615004,Forecast,,,Thursday,3,12,December,4,2025,0
2025-12-26,29912.58553389064,Forecast,,,Friday,4,12,December,4,2025,0
2025-12-27,25855.920779233773,Forecast,,,Saturday,5,12,December,4,2025,1
2025-12-28,24128.23900339771,Forecast,,,Sunday,6,12,December,4,2025,1
2025-12-29,29662.392524192503,Forecast,,,Monday,0,12,December,4,2025,0
2025-12-30,30263.559961002928,Forecast,,,Tuesday,1,12,December,4,2025,0
2025-12-31,29947.19171132043,Forecast,,,Wednesday,2,12,December,4,2025,0
